,wind speed in knots (TWS),  speed in knots
angle (TWA),1,2,3,4,5,6,7,8,9,10,11,12,13,14,15,16,17,18,19,20,21,22,23,24,25,26,27,28,29,30,31,32,33,34,35,36,37,38,39,40
0,0.0,0.0,0.0,0.0,0.0,0.0,0.0,0.0,0.0,0.0,0.0,0.0,0.0,0.0,0.0,0.0,0.0,0.0,0.0,0.0,0.0,0.0,0.0,0.0,0.0,0.0,0.0,0.0,0.0,0.0,0.0,0.0,0.0,0.0,0.0,0.0,0.0,0.0,0.0,0.0
1,0.0,0.0,0.0,0.1,0.1,0.1,0.1,0.1,0.1,0.1,0.1,0.1,0.1,0.1,0.1,0.1,0.1,0.1,0.1,0.1,0.1,0.1,0.1,0.1,0.1,0.1,0.1,0.1,0.1,0.1,0.1,0.1,0.1,0.1,0.1,0.1,0.1,0.1,0.1,0.1
2,0.0,0.0,0.1,0.1,0.1,0.2,0.2,0.2,0.2,0.2,0.3,0.3,0.3,0.3,0.3,0.3,0.3,0.3,0.3,0.3,0.3,0.3,0.3,0.3,0.3,0.3,0.3,0.3,0.3,0.3,0.3,0.3,0.3,0.3,0.3,0.3,0.3,0.3,0.3,0.3
3,0.0,0.1,0.1,0.2,0.2,0.3,0.3,0.3,0.3,0.4,0.4,0.4,0.4,0.4,0.4,0.4,0.4,0.4,0.4,0.4,0.4,0.4,0.4,0.4,0.4,0.4,0.4,0.4,0.4,0.4,0.4,0.4,0.4,0.4,0.4,0.4,0.4,0.4,0.4,0.4
4,0.0,0.1,0.1,0.2,0.3,0.4,0.4,0.4,0.5,0.5,0.5,0.5,0.5,0.5,0.5,0.5,0.5,0.5,0.5,0.5,0.5,0.5,0.5,0.5,0.5,0.5,0.5,0.5,0.5,0.5,0.5,0.5,0.5,0.5,0.5,0.5,0.5,0.5,0.5,0.5
5,0.0,0.1,0.2,0.3,0.4,0.4,0.5,0.5,0.6,0.6,0.6,0.7,0.7,0.7,0.7,0.7,0.7,0.7,0.7,0.7,0.7,0.7,0.7,0.7,0.7,0.7,0.7,0.7,0.7,0.7,0.7,0.7,0.7,0.7,0.7,0.7,0.7,0.7,0.7,0.7
6,0.0,0.1,0.2,0.3,0.4,0.5,0.6,0.6,0.7,0.7,0.8,0.8,0.8,0.8,0.8,0.8,0.8,0.8,0.8,0.8,0.8,0.8,0.8,0.8,0.8,0.8,0.8,0.8,0.8,0.8,0.8,0.8,0.8,0.8,0.8,0.8,0.8,0.8,0.8,0.8
7,0.0,0.1,0.2,0.4,0.5,0.6,0.7,0.8,0.8,0.9,0.9,0.9,0.9,0.9,0.9,0.9,1.0,1.0,1.0,1.0,1.0,1.0,1.0,1.0,1.0,1.0,1.0,1.0,1.0,1.0,1.0,1.0,1.0,1.0,1.0,1.0,1.0,1.0,1.0,1.0
8,0.0,0.1,0.3,0.4,0.6,0.7,0.8,0.9,0.9,1.0,1.0,1.1,1.1,1.1,1.1,1.1,1.1,1.1,1.1,1.1,1.1,1.1,1.1,1.1,1.1,1.1,1.1,1.1,1.1,1.1,1.1,1.1,1.1,1.1,1.1,1.1,1.1,1.1,1.1,1.1
9,0.0,0.2,0.3,0.5,0.6,0.8,0.9,1.0,1.0,1.1,1.2,1.2,1.2,1.2,1.2,1.2,1.2,1.2,1.2,1.2,1.2,1.2,1.2,1.2,1.2,1.2,1.2,1.2,1.2,1.2,1.2,1.2,1.2,1.2,1.2,1.2,1.2,1.2,1.2,1.2
10,0.0,0.2,0.4,0.5,0.7,0.9,1.0,1.1,1.2,1.2,1.3,1.3,1.3,1.3,1.4,1.4,1.4,1.4,1.4,1.4,1.4,1.4,1.4,1.4,1.4,1.4,1.4,1.4,1.4,1.4,1.4,1.4,1.4,1.4,1.4,1.4,1.4,1.4,1.4,1.4
11,0.0,0.2,0.4,0.6,0.8,1.0,1.1,1.2,1.3,1.4,1.4,1.5,1.5,1.5,1.5,1.5,1.5,1.5,1.5,1.5,1.5,1.5,1.5,1.5,1.5,1.5,1.5,1.5,1.5,1.5,1.5,1.5,1.5,1.5,1.5,1.5,1.5,1.5,1.5,1.5
12,0.0,0.2,0.4,0.6,0.8,1.1,1.2,1.3,1.4,1.5,1.5,1.6,1.6,1.6,1.6,1.6,1.6,1.6,1.6,1.6,1.6,1.6,1.6,1.6,1.6,1.6,1.6,1.6,1.6,1.6,1.6,1.6,1.6,1.6,1.6,1.6,1.6,1.6,1.6,1.6
13,0.0,0.2,0.5,0.7,0.9,1.1,1.3,1.4,1.5,1.6,1.7,1.7,1.7,1.7,1.8,1.8,1.8,1.8,1.8,1.8,1.8,1.8,1.8,1.8,1.8,1.8,1.8,1.8,1.8,1.8,1.8,1.8,1.8,1.8,1.8,1.8,1.8,1.8,1.8,1.8
14,0.0,0.2,0.5,0.7,1.0,1.2,1.4,1.5,1.6,1.7,1.8,1.8,1.9,1.9,1.9,1.9,1.9,1.9,1.9,1.9,1.9,1.9,1.9,1.9,1.9,1.9,1.9,1.9,1.9,1.9,1.9,1.9,1.9,1.9,1.9,1.9,1.9,1.9,1.9,1.9
15,0.0,0.3,0.5,0.8,1.1,1.3,1.5,1.6,1.7,1.9,1.9,2.0,2.0,2.0,2.0,2.0,2.0,2.0,2.0,2.1,2.1,2.1,2.1,2.1,2.1,2.1,2.1,2.1,2.1,2.1,2.1,2.1,2.1,2.1,2.1,2.1,2.1,2.1,2.1,2.1
16,0.0,0.3,0.6,0.8,1.1,1.4,1.6,1.7,1.9,2.0,2.0,2.1,2.1,2.1,2.2,2.2,2.2,2.2,2.2,2.2,2.2,2.2,2.2,2.2,2.2,2.2,2.2,2.2,2.2,2.2,2.2,2.2,2.2,2.2,2.2,2.2,2.2,2.2,2.2,2.2
17,0.0,0.3,0.6,0.9,1.2,1.5,1.7,1.8,2.0,2.1,2.2,2.2,2.3,2.3,2.3,2.3,2.3,2.3,2.3,2.3,2.3,2.3,2.3,2.3,2.3,2.3,2.3,2.3,2.3,2.3,2.3,2.3,2.3,2.3,2.3,2.3,2.3,2.3,2.3,2.3
18,0.0,0.3,0.6,1.0,1.3,1.6,1.8,1.9,2.1,2.2,2.3,2.4,2.4,2.4,2.4,2.4,2.4,2.5,2.5,2.5,2.5,2.5,2.5,2.5,2.5,2.5,2.5,2.5,2.5,2.5,2.5,2.5,2.5,2.5,2.5,2.5,2.5,2.5,2.5,2.5
19,0.0,0.3,0.7,1.0,1.3,1.7,1.9,2.1,2.2,2.4,2.4,2.5,2.5,2.6,2.6,2.6,2.6,2.6,2.6,2.6,2.6,2.6,2.6,2.6,2.6,2.6,2.6,2.6,2.6,2.6,2.6,2.6,2.6,2.6,2.6,2.6,2.6,2.6,2.6,2.6
20,0.0,0.4,0.7,1.1,1.4,1.8,2.0,2.2,2.3,2.5,2.6,2.6,2.7,2.7,2.7,2.7,2.7,2.7,2.7,2.7,2.7,2.7,2.7,2.7,2.7,2.7,2.7,2.7,2.7,2.7,2.7,2.7,2.7,2.7,2.7,2.7,2.7,2.7,2.7,2.7
21,0.0,0.4,0.7,1.1,1.5,1.9,2.1,2.3,2.4,2.6,2.7,2.8,2.8,2.8,2.8,2.8,2.9,2.9,2.9,2.9,2.9,2.9,2.9,2.9,2.9,2.9,2.9,2.9,2.9,2.9,2.9,2.9,2.9,2.9,2.9,2.9,2.9,2.9,2.9,2.9
22,0.0,0.4,0.8,1.2,1.6,1.9,2.2,2.4,2.6,2.7,2.8,2.9,2.9,3.0,3.0,3.0,3.0,3.0,3.0,3.0,3.0,3.0,3.0,3.0,3.0,3.0,3.0,3.0,3.0,3.0,3.0,3.0,3.0,3.0,3.0,3.0,3.0,3.0,3.0,3.0
23,0.0,0.4,0.8,1.2,1.6,2.0,2.3,2.5,2.7,2.8,2.9,3.0,3.1,3.1,3.1,3.1,3.1,3.1,3.1,3.1,3.1,3.1,3.1,3.1,3.1,3.1,3.1,3.1,3.1,3.1,3.1,3.1,3.1,3.1,3.1,3.1,3.1,3.1,3.1,3.1
24,0.0,0.4,0.8,1.3,1.7,2.1,2.4,2.6,2.8,3.0,3.1,3.2,3.2,3.2,3.2,3.3,3.3,3.3,3.3,3.3,3.3,3.3,3.3,3.3,3.3,3.3,3.3,3.3,3.3,3.3,3.3,3.3,3.3,3.3,3.3,3.3,3.3,3.3,3.3,3.3
25,0.0,0.4,0.9,1.3,1.8,2.2,2.5,2.7,2.9,3.1,3.2,3.3,3.3,3.4,3.4,3.4,3.4,3.4,3.4,3.4,3.4,3.4,3.4,3.4,3.4,3.4,3.4,3.4,3.4,3.4,3.4,3.4,3.4,3.4,3.4,3.4,3.4,3.4,3.4,3.4
26,0.0,0.5,0.9,1.4,1.8,2.3,2.6,2.8,3.0,3.2,3.3,3.4,3.5,3.5,3.5,3.5,3.5,3.5,3.5,3.6,3.6,3.6,3.6,3.6,3.6,3.6,3.6,3.6,3.6,3.6,3.6,3.6,3.6,3.6,3.6,3.6,3.6,3.6,3.6,3.6
27,0.0,0.5,1.0,1.4,1.9,2.4,2.7,2.9,3.1,3.3,3.5,3.6,3.6,3.6,3.6,3.7,3.7,3.7,3.7,3.7,3.7,3.7,3.7,3.7,3.7,3.7,3.7,3.7,3.7,3.7,3.7,3.7,3.7,3.7,3.7,3.7,3.7,3.7,3.7,3.7
28,0.0,0.5,1.0,1.5,2.0,2.5,2.8,3.0,3.2,3.5,3.6,3.7,3.7,3.8,3.8,3.8,3.8,3.8,3.8,3.8,3.8,3.8,3.8,3.8,3.8,3.8,3.8,3.8,3.8,3.8,3.8,3.8,3.8,3.8,3.8,3.8,3.8,3.8,3.8,3.8
29,0.0,0.5,1.0,1.5,2.1,2.6,2.8,3.1,3.4,3.6,3.7,3.8,3.9,3.9,3.9,3.9,3.9,3.9,4.0,4.0,4.0,4.0,4.0,4.0,4.0,4.0,4.0,4.0,4.0,4.0,4.0,4.0,4.0,4.0,4.0,4.0,4.0,4.0,4.0,4.0
30,0.0,0.5,1.1,1.6,2.1,2.7,2.9,3.2,3.5,3.7,3.8,4.0,4.0,4.0,4.1,4.1,4.1,4.1,4.1,4.1,4.1,4.1,4.1,4.1,4.1,4.1,4.1,4.1,4.1,4.1,4.1,4.1,4.1,4.1,4.1,4.1,4.1,4.1,4.1,4.1
31,0.0,0.5,1.1,1.6,2.2,2.7,3.0,3.4,3.6,3.8,4.0,4.1,4.1,4.2,4.2,4.2,4.2,4.2,4.2,4.2,4.2,4.2,4.2,4.2,4.2,4.2,4.2,4.2,4.2,4.2,4.2,4.2,4.2,4.2,4.2,4.2,4.2,4.2,4.2,4.2
32,0.0,0.6,1.1,1.7,2.3,2.8,3.1,3.5,3.7,4.0,4.1,4.2,4.3,4.3,4.3,4.3,4.3,4.4,4.4,4.4,4.4,4.4,4.4,4.4,4.4,4.4,4.4,4.4,4.4,4.4,4.4,4.4,4.4,4.4,4.4,4.4,4.4,4.4,4.4,4.4
33,0.0,0.6,1.2,1.7,2.3,2.9,3.2,3.6,3.8,4.1,4.2,4.4,4.4,4.4,4.5,4.5,4.5,4.5,4.5,4.5,4.5,4.5,4.5,4.5,4.5,4.5,4.5,4.5,4.5,4.5,4.5,4.5,4.5,4.5,4.5,4.5,4.5,4.5,4.5,4.5
34,0.0,0.6,1.2,1.8,2.4,3.0,3.3,3.7,3.9,4.2,4.3,4.5,4.5,4.6,4.6,4.6,4.6,4.6,4.6,4.6,4.6,4.6,4.6,4.6,4.6,4.6,4.6,4.6,4.6,4.6,4.6,4.6,4.6,4.6,4.6,4.6,4.6,4.6,4.6,4.6
35,0.0,0.6,1.2,1.9,2.5,3.1,3.4,3.8,4.1,4.3,4.5,4.6,4.7,4.7,4.7,4.7,4.8,4.8,4.8,4.8,4.8,4.8,4.8,4.8,4.8,4.8,4.8,4.8,4.8,4.8,4.8,4.8,4.8,4.8,4.8,4.8,4.8,4.8,4.8,4.8
36,0.0,0.6,1.3,1.9,2.5,3.2,3.5,3.9,4.2,4.5,4.6,4.8,4.8,4.8,4.9,4.9,4.9,4.9,4.9,4.9,4.9,4.9,4.9,4.9,4.9,4.9,4.9,4.9,4.9,4.9,4.9,4.9,4.9,4.9,4.9,4.9,4.9,4.9,4.9,4.9
37,0.0,0.7,1.3,2.0,2.6,3.3,3.6,4.0,4.3,4.6,4.7,4.9,4.9,5.0,5.0,5.0,5.0,5.0,5.0,5.1,5.1,5.1,5.1,5.1,5.1,5.1,5.1,5.1,5.1,5.1,5.1,5.1,5.1,5.1,5.1,5.1,5.1,5.1,5.1,5.1
38,0.0,0.7,1.3,2.0,2.7,3.4,3.7,4.1,4.4,4.7,4.9,5.0,5.1,5.1,5.1,5.2,5.2,5.2,5.2,5.2,5.2,5.2,5.2,5.2,5.2,5.2,5.2,5.2,5.2,5.2,5.2,5.2,5.2,5.2,5.2,5.2,5.2,5.2,5.2,5.2
39,0.0,0.7,1.4,2.1,2.8,3.4,3.8,4.2,4.5,4.8,5.0,5.2,5.2,5.2,5.3,5.3,5.3,5.3,5.3,5.3,5.3,5.3,5.3,5.3,5.3,5.3,5.3,5.3,5.3,5.3,5.3,5.3,5.3,5.3,5.3,5.3,5.3,5.3,5.3,5.3
40,0.0,0.7,1.4,2.1,2.8,3.5,3.9,4.3,4.6,5.0,5.1,5.2,5.2,5.3,5.3,5.3,5.3,5.4,5.4,5.4,5.4,5.4,5.4,5.4,5.4,5.4,5.4,5.4,5.4,5.4,5.4,5.4,5.4,5.4,5.4,5.4,5.4,5.4,5.4,5.4
41,0.0,0.7,1.4,2.2,2.9,3.6,4.0,4.4,4.7,5.0,5.1,5.2,5.3,5.3,5.4,5.4,5.4,5.4,5.4,5.4,5.4,5.4,5.4,5.4,5.4,5.4,5.4,5.4,5.4,5.4,5.4,5.4,5.4,5.4,5.4,5.4,5.4,5.4,5.4,5.4
42,0.0,0.7,1.5,2.2,3.0,3.7,4.1,4.5,4.8,5.0,5.2,5.3,5.3,5.4,5.4,5.4,5.4,5.4,5.5,5.5,5.5,5.5,5.5,5.5,5.5,5.5,5.5,5.5,5.5,5.5,5.5,5.5,5.5,5.5,5.5,5.5,5.5,5.5,5.5,5.5
43,0.0,0.8,1.5,2.3,3.0,3.8,4.2,4.6,4.8,5.1,5.2,5.3,5.4,5.4,5.4,5.5,5.5,5.5,5.5,5.5,5.5,5.5,5.5,5.5,5.5,5.5,5.5,5.5,5.5,5.5,5.5,5.5,5.5,5.5,5.5,5.5,5.5,5.5,5.5,5.5
44,0.0,0.8,1.5,2.3,3.1,3.9,4.3,4.7,4.9,5.1,5.3,5.4,5.4,5.5,5.5,5.5,5.5,5.5,5.5,5.5,5.5,5.5,5.5,5.5,5.5,5.5,5.5,5.5,5.5,5.5,5.5,5.5,5.5,5.5,5.5,5.5,5.5,5.5,5.5,5.5
45,0.0,0.8,1.6,2.4,3.1,3.9,4.3,4.7,4.9,5.2,5.3,5.4,5.5,5.5,5.5,5.6,5.6,5.6,5.6,5.6,5.6,5.6,5.6,5.6,5.6,5.6,5.6,5.6,5.6,5.6,5.6,5.6,5.6,5.6,5.6,5.6,5.6,5.6,5.6,5.6
46,0.0,0.8,1.6,2.4,3.2,4.0,4.4,4.8,5.0,5.2,5.3,5.5,5.5,5.5,5.6,5.6,5.6,5.6,5.6,5.6,5.6,5.6,5.6,5.6,5.6,5.6,5.6,5.6,5.6,5.6,5.6,5.6,5.6,5.6,5.6,5.6,5.6,5.6,5.6,5.6
47,0.0,0.8,1.6,2.4,3.2,4.1,4.4,4.8,5.0,5.3,5.4,5.5,5.5,5.6,5.6,5.6,5.6,5.7,5.7,5.7,5.7,5.7,5.7,5.7,5.7,5.7,5.7,5.7,5.7,5.7,5.7,5.7,5.7,5.7,5.7,5.7,5.7,5.7,5.7,5.7
48,0.0,0.8,1.6,2.5,3.3,4.1,4.5,4.9,5.1,5.3,5.4,5.5,5.6,5.6,5.7,5.7,5.7,5.7,5.7,5.7,5.7,5.7,5.7,5.7,5.7,5.7,5.7,5.7,5.7,5.7,5.7,5.7,5.7,5.7,5.7,5.7,5.7,5.7,5.7,5.7
49,0.0,0.8,1.7,2.5,3.3,4.2,4.6,4.9,5.2,5.4,5.5,5.6,5.6,5.7,5.7,5.7,5.7,5.7,5.8,5.8,5.8,5.8,5.8,5.8,5.8,5.8,5.8,5.8,5.8,5.8,5.8,5.8,5.8,5.8,5.8,5.8,5.8,5.8,5.8,5.8
50,0.0,0.8,1.7,2.5,3.4,4.2,4.6,5.0,5.2,5.4,5.5,5.6,5.7,5.7,5.7,5.8,5.8,5.8,5.8,5.8,5.8,5.8,5.8,5.8,5.8,5.8,5.8,5.8,5.8,5.8,5.8,5.8,5.8,5.8,5.8,5.8,5.8,5.8,5.8,5.8
51,0.0,0.9,1.7,2.6,3.4,4.3,4.7,5.1,5.3,5.5,5.6,5.7,5.7,5.8,5.8,5.8,5.8,5.8,5.8,5.8,5.8,5.8,5.8,5.8,5.8,5.8,5.8,5.8,5.8,5.8,5.8,5.8,5.8,5.8,5.8,5.8,5.8,5.8,5.8,5.8
52,0.0,0.9,1.7,2.6,3.5,4.3,4.7,5.1,5.3,5.5,5.6,5.7,5.7,5.8,5.8,5.8,5.8,5.8,5.9,5.9,5.9,5.9,5.9,5.9,5.9,5.9,5.9,5.9,5.9,5.9,5.9,5.9,5.9,5.9,5.9,5.9,5.9,5.9,5.9,5.9
53,0.0,0.9,1.7,2.6,3.5,4.3,4.7,5.1,5.3,5.5,5.6,5.7,5.7,5.8,5.8,5.8,5.9,5.9,5.9,5.9,5.9,5.9,5.9,5.9,5.9,5.9,5.9,5.9,5.9,5.9,5.9,5.9,5.9,5.9,5.9,5.9,5.9,5.9,5.9,5.9
54,0.0,0.9,1.7,2.6,3.5,4.4,4.7,5.1,5.3,5.5,5.6,5.7,5.8,5.8,5.8,5.9,5.9,5.9,5.9,5.9,5.9,5.9,5.9,5.9,5.9,5.9,5.9,5.9,5.9,5.9,5.9,5.9,5.9,5.9,5.9,5.9,5.9,5.9,5.9,5.9
55,0.0,0.9,1.8,2.6,3.5,4.4,4.8,5.1,5.3,5.5,5.6,5.7,5.8,5.8,5.9,5.9,5.9,5.9,5.9,5.9,5.9,5.9,5.9,5.9,5.9,5.9,5.9,5.9,5.9,5.9,5.9,5.9,5.9,5.9,5.9,5.9,5.9,5.9,5.9,5.9
56,0.0,0.9,1.8,2.7,3.5,4.4,4.8,5.2,5.3,5.5,5.6,5.7,5.8,5.8,5.9,5.9,5.9,5.9,5.9,5.9,5.9,5.9,5.9,5.9,5.9,5.9,5.9,5.9,5.9,5.9,5.9,5.9,5.9,5.9,5.9,5.9,5.9,5.9,5.9,5.9
57,0.0,0.9,1.8,2.7,3.6,4.5,4.8,5.2,5.4,5.6,5.7,5.8,5.8,5.9,5.9,5.9,5.9,5.9,5.9,5.9,5.9,5.9,5.9,5.9,5.9,5.9,5.9,5.9,5.9,5.9,5.9,5.9,5.9,5.9,5.9,5.9,5.9,5.9,5.9,5.9
58,0.0,0.9,1.8,2.7,3.6,4.5,4.8,5.2,5.4,5.6,5.7,5.8,5.8,5.9,5.9,5.9,5.9,5.9,5.9,5.9,5.9,5.9,5.9,5.9,5.9,5.9,5.9,5.9,5.9,5.9,5.9,5.9,5.9,5.9,5.9,5.9,5.9,5.9,5.9,5.9
59,0.0,0.9,1.8,2.7,3.6,4.5,4.9,5.2,5.4,5.6,5.7,5.8,5.9,5.9,5.9,6.0,6.0,6.0,6.0,6.0,6.0,5.9,5.9,5.9,5.9,5.9,5.9,5.9,5.9,5.9,5.9,5.9,5.9,5.9,5.9,5.9,5.9,5.9,5.9,5.9
60,0.0,0.9,1.8,2.7,3.6,4.5,4.9,5.2,5.4,5.6,5.7,5.8,5.9,5.9,6.0,6.0,6.0,6.0,6.0,6.0,6.0,6.0,6.0,6.0,6.0,6.0,6.0,6.0,6.0,6.0,6.0,6.0,6.0,6.0,6.0,6.0,6.0,6.0,6.0,6.0
61,0.0,0.9,1.8,2.7,3.6,4.5,4.9,5.3,5.4,5.6,5.7,5.8,5.9,5.9,6.0,6.0,6.0,6.0,6.0,6.0,6.0,6.0,6.0,6.0,6.0,6.0,6.0,6.0,6.0,6.0,6.0,6.0,6.0,6.0,6.0,6.0,6.0,6.0,6.0,6.0
62,0.0,0.9,1.8,2.7,3.6,4.5,4.9,5.3,5.4,5.6,5.7,5.8,5.9,5.9,6.0,6.0,6.0,6.0,6.0,6.0,6.0,6.0,6.0,6.0,6.0,6.0,6.0,6.0,6.0,6.0,6.0,6.0,6.0,6.0,6.0,6.0,6.0,6.0,6.0,6.0
63,0.0,0.9,1.8,2.7,3.6,4.5,4.9,5.3,5.4,5.6,5.7,5.8,5.9,6.0,6.0,6.0,6.0,6.0,6.0,6.0,6.0,6.0,6.0,6.0,6.0,6.0,6.0,6.0,6.0,6.0,6.0,6.0,6.0,6.0,6.0,6.0,6.0,6.0,6.0,6.0
64,0.0,0.9,1.8,2.7,3.6,4.5,4.9,5.3,5.5,5.6,5.7,5.8,5.9,6.0,6.0,6.0,6.0,6.0,6.0,6.0,6.0,6.0,6.0,6.0,6.0,6.0,6.0,6.0,6.0,6.0,6.0,6.0,6.0,6.0,6.0,6.0,6.0,6.0,6.0,6.0
65,0.0,0.9,1.8,2.7,3.6,4.6,4.9,5.3,5.5,5.6,5.7,5.9,5.9,6.0,6.0,6.1,6.1,6.1,6.1,6.1,6.1,6.1,6.1,6.1,6.1,6.1,6.1,6.1,6.1,6.1,6.1,6.1,6.1,6.1,6.1,6.1,6.1,6.1,6.1,6.1
66,0.0,0.9,1.8,2.7,3.6,4.6,4.9,5.3,5.5,5.7,5.8,5.9,5.9,6.0,6.0,6.1,6.1,6.1,6.1,6.1,6.1,6.1,6.1,6.1,6.1,6.1,6.1,6.1,6.1,6.1,6.1,6.1,6.1,6.1,6.1,6.1,6.1,6.1,6.1,6.1
67,0.0,0.9,1.8,2.7,3.7,4.6,4.9,5.3,5.5,5.7,5.8,5.9,5.9,6.0,6.0,6.1,6.1,6.1,6.1,6.1,6.1,6.1,6.1,6.1,6.1,6.1,6.1,6.1,6.1,6.1,6.1,6.1,6.1,6.1,6.1,6.1,6.1,6.1,6.1,6.1
68,0.0,0.9,1.8,2.7,3.7,4.6,4.9,5.3,5.5,5.7,5.8,5.9,5.9,6.0,6.1,6.1,6.1,6.1,6.1,6.1,6.1,6.1,6.1,6.1,6.1,6.1,6.1,6.1,6.1,6.1,6.1,6.1,6.1,6.1,6.1,6.1,6.1,6.1,6.1,6.1
69,0.0,0.9,1.8,2.7,3.7,4.6,4.9,5.3,5.5,5.7,5.8,5.9,6.0,6.0,6.1,6.1,6.1,6.1,6.2,6.2,6.2,6.2,6.2,6.2,6.2,6.2,6.2,6.2,6.2,6.2,6.2,6.2,6.2,6.2,6.2,6.2,6.2,6.2,6.2,6.2
70,0.0,0.9,1.8,2.8,3.7,4.6,5.0,5.3,5.5,5.7,5.8,5.9,6.0,6.0,6.1,6.1,6.1,6.2,6.2,6.2,6.2,6.2,6.2,6.2,6.2,6.2,6.2,6.2,6.2,6.2,6.2,6.2,6.2,6.2,6.2,6.2,6.2,6.2,6.2,6.2
71,0.0,0.9,1.8,2.8,3.7,4.6,5.0,5.3,5.5,5.7,5.8,5.9,6.0,6.1,6.1,6.1,6.2,6.2,6.2,6.2,6.2,6.2,6.2,6.2,6.2,6.2,6.2,6.2,6.2,6.2,6.2,6.2,6.2,6.2,6.2,6.2,6.2,6.2,6.2,6.2
72,0.0,0.9,1.8,2.8,3.7,4.6,5.0,5.3,5.5,5.7,5.8,5.9,6.0,6.1,6.1,6.2,6.2,6.2,6.2,6.2,6.2,6.2,6.2,6.2,6.2,6.2,6.2,6.2,6.2,6.2,6.2,6.2,6.2,6.2,6.2,6.2,6.2,6.2,6.2,6.2
73,0.0,0.9,1.8,2.8,3.7,4.6,5.0,5.3,5.5,5.7,5.8,5.9,6.0,6.1,6.1,6.2,6.2,6.2,6.2,6.3,6.3,6.3,6.3,6.3,6.3,6.3,6.3,6.3,6.3,6.3,6.3,6.3,6.3,6.3,6.3,6.3,6.3,6.3,6.3,6.3
74,0.0,0.9,1.8,2.8,3.7,4.6,5.0,5.3,5.5,5.7,5.8,5.9,6.0,6.1,6.1,6.2,6.2,6.2,6.3,6.3,6.3,6.3,6.3,6.3,6.3,6.3,6.3,6.3,6.3,6.3,6.3,6.3,6.3,6.3,6.3,6.3,6.3,6.3,6.3,6.3
75,0.0,0.9,1.8,2.8,3.7,4.6,5.0,5.4,5.5,5.7,5.8,5.9,6.0,6.1,6.1,6.2,6.2,6.3,6.3,6.3,6.3,6.3,6.3,6.3,6.3,6.3,6.3,6.3,6.3,6.3,6.3,6.3,6.3,6.3,6.3,6.3,6.3,6.3,6.3,6.3
76,0.0,0.9,1.8,2.8,3.7,4.6,5.0,5.3,5.5,5.7,5.8,5.9,6.0,6.1,6.2,6.2,6.2,6.3,6.3,6.3,6.3,6.3,6.3,6.3,6.3,6.3,6.3,6.3,6.3,6.3,6.3,6.3,6.3,6.3,6.3,6.3,6.3,6.3,6.3,6.3
77,0.0,0.9,1.8,2.8,3.7,4.6,5.0,5.3,5.5,5.7,5.8,6.0,6.0,6.1,6.2,6.2,6.3,6.3,6.3,6.3,6.3,6.3,6.3,6.3,6.3,6.3,6.3,6.3,6.3,6.3,6.3,6.3,6.3,6.3,6.3,6.3,6.3,6.3,6.3,6.3
78,0.0,0.9,1.8,2.8,3.7,4.6,5.0,5.3,5.5,5.7,5.8,6.0,6.0,6.1,6.2,6.2,6.3,6.3,6.3,6.4,6.4,6.4,6.4,6.4,6.4,6.4,6.4,6.4,6.4,6.4,6.4,6.4,6.4,6.4,6.4,6.4,6.4,6.4,6.4,6.4
79,0.0,0.9,1.8,2.8,3.7,4.6,5.0,5.3,5.5,5.7,5.9,6.0,6.0,6.1,6.2,6.2,6.3,6.3,6.3,6.4,6.4,6.4,6.4,6.4,6.4,6.4,6.4,6.4,6.4,6.4,6.4,6.4,6.4,6.4,6.4,6.4,6.4,6.4,6.4,6.4
80,0.0,0.9,1.8,2.8,3.7,4.6,5.0,5.3,5.5,5.7,5.9,6.0,6.1,6.1,6.2,6.2,6.3,6.3,6.4,6.4,6.4,6.4,6.4,6.4,6.4,6.4,6.4,6.4,6.4,6.4,6.4,6.4,6.4,6.4,6.4,6.4,6.4,6.4,6.4,6.4
81,0.0,0.9,1.8,2.8,3.7,4.6,5.0,5.3,5.5,5.8,5.9,6.0,6.1,6.1,6.2,6.3,6.3,6.3,6.4,6.4,6.4,6.4,6.4,6.4,6.4,6.4,6.4,6.4,6.4,6.4,6.4,6.4,6.4,6.4,6.4,6.4,6.4,6.4,6.4,6.4
82,0.0,0.9,1.8,2.7,3.7,4.6,5.0,5.3,5.5,5.8,5.9,6.0,6.1,6.1,6.2,6.3,6.3,6.3,6.4,6.4,6.4,6.4,6.4,6.4,6.4,6.4,6.4,6.4,6.4,6.4,6.4,6.4,6.4,6.4,6.4,6.4,6.4,6.4,6.4,6.4
83,0.0,0.9,1.8,2.7,3.7,4.6,5.0,5.3,5.5,5.8,5.9,6.0,6.1,6.1,6.2,6.3,6.3,6.4,6.4,6.4,6.4,6.4,6.4,6.4,6.4,6.4,6.4,6.4,6.4,6.4,6.4,6.4,6.4,6.4,6.4,6.4,6.4,6.4,6.4,6.4
84,0.0,0.9,1.8,2.7,3.7,4.6,5.0,5.3,5.5,5.8,5.9,6.0,6.1,6.2,6.2,6.3,6.3,6.4,6.4,6.5,6.5,6.5,6.5,6.5,6.5,6.5,6.5,6.5,6.5,6.5,6.5,6.5,6.5,6.5,6.5,6.5,6.5,6.5,6.5,6.5
85,0.0,0.9,1.8,2.7,3.7,4.6,4.9,5.3,5.5,5.8,5.9,6.0,6.1,6.2,6.2,6.3,6.3,6.4,6.4,6.5,6.5,6.5,6.5,6.5,6.5,6.5,6.5,6.5,6.5,6.5,6.5,6.5,6.5,6.5,6.5,6.5,6.5,6.5,6.5,6.5
86,0.0,0.9,1.8,2.7,3.6,4.6,4.9,5.3,5.5,5.8,5.9,6.0,6.1,6.2,6.2,6.3,6.4,6.4,6.4,6.5,6.5,6.5,6.5,6.5,6.5,6.5,6.5,6.5,6.5,6.5,6.5,6.5,6.5,6.5,6.5,6.5,6.5,6.5,6.5,6.5
87,0.0,0.9,1.8,2.7,3.6,4.6,4.9,5.3,5.5,5.8,5.9,6.0,6.1,6.2,6.2,6.3,6.4,6.4,6.5,6.5,6.5,6.5,6.5,6.5,6.5,6.5,6.5,6.5,6.5,6.5,6.5,6.5,6.5,6.5,6.5,6.5,6.5,6.5,6.5,6.5
88,0.0,0.9,1.8,2.7,3.6,4.6,4.9,5.3,5.5,5.8,5.9,6.0,6.1,6.2,6.3,6.3,6.4,6.4,6.5,6.5,6.5,6.5,6.5,6.5,6.5,6.5,6.5,6.5,6.5,6.5,6.5,6.5,6.5,6.5,6.5,6.5,6.5,6.5,6.5,6.5
89,0.0,0.9,1.8,2.7,3.6,4.5,4.9,5.3,5.6,5.8,5.9,6.0,6.1,6.2,6.3,6.3,6.4,6.4,6.5,6.5,6.5,6.5,6.5,6.5,6.5,6.5,6.5,6.5,6.5,6.5,6.5,6.5,6.5,6.5,6.5,6.5,6.5,6.5,6.5,6.5
90,0.0,0.9,1.8,2.7,3.6,4.5,4.9,5.3,5.6,5.8,5.9,6.0,6.1,6.2,6.3,6.3,6.4,6.5,6.5,6.6,6.6,6.6,6.6,6.6,6.6,6.6,6.6,6.6,6.6,6.6,6.6,6.6,6.6,6.6,6.6,6.6,6.6,6.6,6.6,6.6
91,0.0,0.9,1.8,2.7,3.6,4.5,4.9,5.3,5.6,5.8,5.9,6.0,6.1,6.2,6.3,6.4,6.4,6.5,6.5,6.6,6.6,6.6,6.6,6.6,6.6,6.6,6.6,6.6,6.6,6.6,6.6,6.6,6.6,6.6,6.6,6.6,6.6,6.6,6.6,6.6
92,0.0,0.9,1.8,2.7,3.6,4.5,4.9,5.3,5.6,5.8,5.9,6.0,6.1,6.2,6.3,6.4,6.4,6.5,6.5,6.6,6.6,6.6,6.6,6.6,6.6,6.6,6.6,6.6,6.6,6.6,6.6,6.6,6.6,6.6,6.6,6.6,6.6,6.6,6.6,6.6
93,0.0,0.9,1.8,2.7,3.6,4.5,4.9,5.3,5.6,5.8,5.9,6.1,6.1,6.2,6.3,6.4,6.4,6.5,6.6,6.6,6.6,6.6,6.6,6.6,6.6,6.6,6.6,6.6,6.6,6.6,6.6,6.6,6.6,6.6,6.6,6.6,6.6,6.6,6.6,6.6
94,0.0,0.9,1.8,2.7,3.6,4.5,4.9,5.3,5.6,5.8,5.9,6.1,6.1,6.2,6.3,6.4,6.5,6.5,6.6,6.6,6.6,6.6,6.6,6.6,6.6,6.6,6.6,6.6,6.6,6.6,6.6,6.6,6.6,6.6,6.6,6.6,6.6,6.6,6.6,6.6
95,0.0,0.9,1.8,2.7,3.6,4.5,4.9,5.3,5.6,5.8,5.9,6.1,6.2,6.2,6.3,6.4,6.5,6.5,6.6,6.6,6.6,6.6,6.6,6.6,6.6,6.6,6.6,6.6,6.6,6.6,6.6,6.6,6.6,6.6,6.6,6.6,6.6,6.6,6.6,6.6
96,0.0,0.9,1.8,2.7,3.6,4.5,4.9,5.3,5.6,5.8,5.9,6.1,6.2,6.3,6.3,6.4,6.5,6.5,6.6,6.7,6.7,6.7,6.7,6.7,6.7,6.7,6.7,6.7,6.7,6.7,6.7,6.7,6.7,6.7,6.7,6.7,6.7,6.7,6.7,6.7
97,0.0,0.9,1.8,2.7,3.6,4.5,4.9,5.3,5.6,5.8,6.0,6.1,6.2,6.3,6.4,6.4,6.5,6.6,6.6,6.7,6.7,6.7,6.7,6.7,6.7,6.7,6.7,6.7,6.7,6.7,6.7,6.7,6.7,6.7,6.7,6.7,6.7,6.7,6.7,6.7
98,0.0,0.9,1.8,2.7,3.6,4.5,4.9,5.4,5.6,5.8,6.0,6.1,6.2,6.3,6.4,6.5,6.5,6.6,6.6,6.7,6.7,6.7,6.7,6.7,6.7,6.7,6.7,6.7,6.7,6.7,6.7,6.7,6.7,6.7,6.7,6.7,6.7,6.7,6.7,6.7
99,0.0,0.9,1.8,2.7,3.6,4.5,4.9,5.4,5.6,5.8,6.0,6.1,6.2,6.3,6.4,6.5,6.5,6.6,6.7,6.7,6.7,6.7,6.7,6.7,6.7,6.7,6.7,6.7,6.7,6.7,6.7,6.7,6.7,6.7,6.7,6.7,6.7,6.7,6.7,6.7
100,0.0,0.9,1.8,2.7,3.6,4.5,4.9,5.4,5.6,5.8,6.0,6.1,6.2,6.3,6.4,6.5,6.5,6.6,6.7,6.7,6.7,6.7,6.7,6.7,6.7,6.7,6.7,6.7,6.7,6.7,6.7,6.7,6.7,6.7,6.7,6.7,6.7,6.7,6.7,6.7
101,0.0,0.9,1.8,2.7,3.6,4.5,4.9,5.4,5.6,5.8,6.0,6.1,6.2,6.3,6.4,6.5,6.6,6.6,6.7,6.8,6.8,6.8,6.8,6.8,6.8,6.8,6.8,6.8,6.8,6.8,6.8,6.8,6.8,6.8,6.8,6.8,6.8,6.8,6.8,6.8
102,0.0,0.9,1.8,2.7,3.6,4.5,4.9,5.4,5.6,5.8,6.0,6.1,6.2,6.3,6.4,6.5,6.6,6.6,6.7,6.8,6.8,6.8,6.8,6.8,6.8,6.8,6.8,6.8,6.8,6.8,6.8,6.8,6.8,6.8,6.8,6.8,6.8,6.8,6.8,6.8
103,0.0,0.9,1.8,2.7,3.6,4.5,4.9,5.4,5.6,5.8,6.0,6.1,6.2,6.3,6.4,6.5,6.6,6.7,6.7,6.8,6.8,6.8,6.8,6.8,6.8,6.8,6.8,6.8,6.8,6.8,6.8,6.8,6.8,6.8,6.8,6.8,6.8,6.8,6.8,6.8
104,0.0,0.9,1.8,2.7,3.6,4.5,4.9,5.4,5.6,5.9,6.0,6.1,6.2,6.4,6.4,6.5,6.6,6.7,6.7,6.8,6.8,6.8,6.8,6.8,6.8,6.8,6.8,6.8,6.8,6.8,6.8,6.8,6.8,6.8,6.8,6.8,6.8,6.8,6.8,6.8
105,0.0,0.9,1.8,2.7,3.6,4.5,4.9,5.4,5.6,5.9,6.0,6.1,6.3,6.4,6.5,6.6,6.6,6.7,6.8,6.8,6.8,6.8,6.8,6.8,6.8,6.8,6.8,6.8,6.8,6.8,6.8,6.8,6.8,6.8,6.8,6.8,6.8,6.8,6.8,6.8
106,0.0,0.9,1.8,2.7,3.6,4.5,4.9,5.4,5.6,5.9,6.0,6.2,6.3,6.4,6.5,6.6,6.6,6.7,6.8,6.8,6.8,6.8,6.8,6.8,6.8,6.8,6.8,6.8,6.8,6.8,6.8,6.8,6.8,6.8,6.8,6.8,6.8,6.8,6.8,6.8
107,0.0,0.9,1.8,2.7,3.6,4.5,4.9,5.4,5.6,5.9,6.0,6.2,6.3,6.4,6.5,6.6,6.7,6.7,6.8,6.9,6.9,6.9,6.9,6.9,6.9,6.9,6.9,6.9,6.9,6.9,6.9,6.9,6.9,6.9,6.9,6.9,6.9,6.9,6.9,6.9
108,0.0,0.9,1.8,2.7,3.6,4.5,4.9,5.4,5.6,5.9,6.0,6.2,6.3,6.4,6.5,6.6,6.7,6.7,6.8,6.9,6.9,6.9,6.9,6.9,6.9,6.9,6.9,6.9,6.9,6.9,6.9,6.9,6.9,6.9,6.9,6.9,6.9,6.9,6.9,6.9
109,0.0,0.9,1.8,2.7,3.6,4.5,5.0,5.4,5.6,5.9,6.0,6.2,6.3,6.4,6.5,6.6,6.7,6.8,6.8,6.9,6.9,6.9,6.9,6.9,6.9,6.9,6.9,6.9,6.9,6.9,6.9,6.9,6.9,6.9,6.9,6.9,6.9,6.9,6.9,6.9
110,0.0,0.9,1.8,2.7,3.6,4.5,5.0,5.4,5.6,5.9,6.0,6.2,6.3,6.4,6.5,6.6,6.7,6.8,6.8,6.9,6.9,6.9,6.9,6.9,6.9,6.9,6.9,6.9,6.9,6.9,6.9,6.9,6.9,6.9,6.9,6.9,6.9,6.9,6.9,6.9
111,0.0,0.9,1.8,2.7,3.6,4.5,4.9,5.4,5.6,5.9,6.0,6.2,6.3,6.4,6.5,6.6,6.7,6.8,6.9,6.9,6.9,6.9,6.9,6.9,6.9,6.9,6.9,6.9,6.9,6.9,6.9,6.9,6.9,6.9,6.9,6.9,6.9,6.9,6.9,6.9
112,0.0,0.9,1.8,2.7,3.6,4.5,4.9,5.4,5.6,5.9,6.0,6.2,6.3,6.4,6.5,6.6,6.7,6.8,6.9,7.0,7.0,7.0,7.0,7.0,7.0,7.0,7.0,7.0,7.0,7.0,7.0,7.0,7.0,7.0,7.0,7.0,7.0,7.0,7.0,7.0
113,0.0,0.9,1.8,2.7,3.6,4.5,4.9,5.4,5.6,5.9,6.0,6.2,6.3,6.4,6.5,6.6,6.7,6.8,6.9,7.0,7.0,7.0,7.0,7.0,7.0,7.0,7.0,7.0,7.0,7.0,7.0,7.0,7.0,7.0,7.0,7.0,7.0,7.0,7.0,7.0
114,0.0,0.9,1.8,2.7,3.6,4.5,4.9,5.4,5.6,5.9,6.0,6.2,6.3,6.4,6.5,6.6,6.7,6.8,6.9,7.0,7.0,7.0,7.0,7.0,7.0,7.0,7.0,7.0,7.0,7.0,7.0,7.0,7.0,7.0,7.0,7.0,7.0,7.0,7.0,7.0
115,0.0,0.9,1.8,2.7,3.6,4.4,4.9,5.3,5.6,5.9,6.0,6.2,6.3,6.4,6.5,6.6,6.7,6.8,6.9,7.0,7.0,7.0,7.0,7.0,7.0,7.0,7.0,7.0,7.0,7.0,7.0,7.0,7.0,7.0,7.0,7.0,7.0,7.0,7.0,7.0
116,0.0,0.9,1.8,2.7,3.5,4.4,4.9,5.3,5.6,5.8,6.0,6.2,6.3,6.4,6.5,6.6,6.7,6.8,6.9,7.0,7.0,7.0,7.0,7.0,7.0,7.0,7.0,7.0,7.0,7.0,7.0,7.0,7.0,7.0,7.0,7.0,7.0,7.0,7.0,7.0
117,0.0,0.9,1.8,2.6,3.5,4.4,4.9,5.3,5.6,5.8,6.0,6.2,6.3,6.4,6.5,6.7,6.8,6.9,7.0,7.1,7.1,7.1,7.1,7.1,7.1,7.1,7.1,7.1,7.1,7.1,7.1,7.1,7.1,7.1,7.1,7.1,7.1,7.1,7.1,7.1
118,0.0,0.9,1.8,2.6,3.5,4.4,4.9,5.3,5.6,5.8,6.0,6.1,6.3,6.4,6.5,6.7,6.8,6.9,7.0,7.1,7.1,7.1,7.1,7.1,7.1,7.1,7.1,7.1,7.1,7.1,7.1,7.1,7.1,7.1,7.1,7.1,7.1,7.1,7.1,7.1
119,0.0,0.9,1.8,2.6,3.5,4.4,4.8,5.3,5.6,5.8,6.0,6.1,6.3,6.4,6.5,6.7,6.8,6.9,7.0,7.1,7.1,7.1,7.1,7.1,7.1,7.1,7.1,7.1,7.1,7.1,7.1,7.1,7.1,7.1,7.1,7.1,7.1,7.1,7.1,7.1
120,0.0,0.9,1.8,2.6,3.5,4.4,4.8,5.3,5.6,5.8,6.0,6.1,6.3,6.4,6.5,6.7,6.8,6.9,7.0,7.1,7.1,7.1,7.1,7.1,7.1,7.1,7.1,7.1,7.1,7.1,7.1,7.1,7.1,7.1,7.1,7.1,7.1,7.1,7.1,7.1
121,0.0,0.9,1.7,2.6,3.5,4.3,4.8,5.3,5.5,5.8,6.0,6.1,6.3,6.4,6.5,6.7,6.8,6.9,7.0,7.1,7.1,7.1,7.1,7.1,7.1,7.1,7.1,7.1,7.1,7.1,7.1,7.1,7.1,7.1,7.1,7.1,7.1,7.1,7.1,7.1
122,0.0,0.9,1.7,2.6,3.5,4.3,4.8,5.2,5.5,5.8,6.0,6.1,6.3,6.4,6.5,6.6,6.8,6.9,7.0,7.1,7.1,7.1,7.1,7.1,7.1,7.1,7.1,7.1,7.1,7.1,7.1,7.1,7.1,7.1,7.1,7.1,7.1,7.1,7.1,7.1
123,0.0,0.9,1.7,2.6,3.4,4.3,4.7,5.2,5.5,5.8,5.9,6.1,6.2,6.4,6.5,6.6,6.8,6.9,7.0,7.1,7.1,7.1,7.1,7.1,7.1,7.1,7.1,7.1,7.1,7.1,7.1,7.1,7.1,7.1,7.1,7.1,7.1,7.1,7.1,7.1
124,0.0,0.9,1.7,2.6,3.4,4.3,4.7,5.2,5.5,5.8,5.9,6.1,6.2,6.4,6.5,6.6,6.8,6.9,7.0,7.1,7.1,7.1,7.1,7.1,7.1,7.1,7.1,7.1,7.1,7.1,7.1,7.1,7.1,7.1,7.1,7.1,7.1,7.1,7.1,7.1
125,0.0,0.8,1.7,2.5,3.4,4.2,4.7,5.1,5.4,5.7,5.9,6.1,6.2,6.4,6.5,6.6,6.7,6.9,7.0,7.1,7.1,7.1,7.1,7.1,7.1,7.1,7.1,7.1,7.1,7.1,7.1,7.1,7.1,7.1,7.1,7.1,7.1,7.1,7.1,7.1
126,0.0,0.8,1.7,2.5,3.4,4.2,4.7,5.1,5.4,5.7,5.9,6.1,6.2,6.3,6.5,6.6,6.7,6.9,7.0,7.1,7.1,7.1,7.1,7.1,7.1,7.1,7.1,7.1,7.1,7.1,7.1,7.1,7.1,7.1,7.1,7.1,7.1,7.1,7.1,7.1
127,0.0,0.8,1.7,2.5,3.3,4.2,4.6,5.1,5.4,5.7,5.9,6.1,6.2,6.3,6.5,6.6,6.7,6.9,7.0,7.1,7.1,7.1,7.1,7.1,7.1,7.1,7.1,7.1,7.1,7.1,7.1,7.1,7.1,7.1,7.1,7.1,7.1,7.1,7.1,7.1
128,0.0,0.8,1.7,2.5,3.3,4.1,4.6,5.1,5.4,5.7,5.9,6.0,6.2,6.3,6.5,6.6,6.7,6.9,7.0,7.1,7.1,7.1,7.1,7.1,7.1,7.1,7.1,7.1,7.1,7.1,7.1,7.1,7.1,7.1,7.1,7.1,7.1,7.1,7.1,7.1
129,0.0,0.8,1.6,2.5,3.3,4.1,4.6,5.0,5.3,5.7,5.8,6.0,6.2,6.3,6.5,6.6,6.7,6.8,7.0,7.1,7.1,7.1,7.1,7.1,7.1,7.1,7.1,7.1,7.1,7.1,7.1,7.1,7.1,7.1,7.1,7.1,7.1,7.1,7.1,7.1
130,0.0,0.8,1.6,2.4,3.3,4.1,4.5,5.0,5.3,5.7,5.8,6.0,6.2,6.3,6.5,6.6,6.7,6.8,7.0,7.1,7.1,7.1,7.1,7.1,7.1,7.1,7.1,7.1,7.1,7.1,7.1,7.1,7.1,7.1,7.1,7.1,7.1,7.1,7.1,7.1
131,0.0,0.8,1.6,2.4,3.2,4.0,4.5,5.0,5.3,5.6,5.8,6.0,6.1,6.3,6.4,6.6,6.7,6.8,7.0,7.1,7.1,7.1,7.1,7.1,7.1,7.1,7.1,7.1,7.1,7.1,7.1,7.1,7.1,7.1,7.1,7.1,7.1,7.1,7.1,7.1
132,0.0,0.8,1.6,2.4,3.2,4.0,4.5,4.9,5.3,5.6,5.8,6.0,6.1,6.3,6.4,6.6,6.7,6.8,7.0,7.1,7.1,7.1,7.1,7.1,7.1,7.1,7.1,7.1,7.1,7.1,7.1,7.1,7.1,7.1,7.1,7.1,7.1,7.1,7.1,7.1
133,0.0,0.8,1.6,2.4,3.2,4.0,4.4,4.9,5.3,5.6,5.8,6.0,6.1,6.3,6.4,6.6,6.7,6.8,7.0,7.1,7.1,7.1,7.1,7.1,7.1,7.1,7.1,7.1,7.1,7.1,7.1,7.1,7.1,7.1,7.1,7.1,7.1,7.1,7.1,7.1
134,0.0,0.8,1.6,2.4,3.2,3.9,4.4,4.9,5.2,5.6,5.8,6.0,6.1,6.3,6.4,6.6,6.7,6.8,7.0,7.1,7.1,7.1,7.1,7.1,7.1,7.1,7.1,7.1,7.1,7.1,7.1,7.1,7.1,7.1,7.1,7.1,7.1,7.1,7.1,7.1
135,0.0,0.8,1.6,2.4,3.1,3.9,4.4,4.9,5.2,5.6,5.8,6.0,6.1,6.3,6.4,6.6,6.7,6.8,7.0,7.1,7.1,7.1,7.1,7.1,7.1,7.1,7.1,7.1,7.1,7.1,7.1,7.1,7.1,7.1,7.1,7.1,7.1,7.1,7.1,7.1
136,0.0,0.8,1.6,2.3,3.1,3.9,4.4,4.8,5.2,5.5,5.7,5.9,6.1,6.2,6.4,6.6,6.7,6.8,6.9,7.1,7.1,7.1,7.1,7.1,7.1,7.1,7.1,7.1,7.1,7.1,7.1,7.1,7.1,7.1,7.1,7.1,7.1,7.1,7.1,7.1
137,0.0,0.8,1.5,2.3,3.1,3.9,4.3,4.8,5.2,5.5,5.7,5.9,6.1,6.2,6.4,6.5,6.7,6.8,6.9,7.0,7.0,7.0,7.0,7.0,7.0,7.0,7.0,7.0,7.0,7.0,7.0,7.0,7.0,7.0,7.0,7.0,7.0,7.0,7.0,7.0
138,0.0,0.8,1.5,2.3,3.1,3.8,4.3,4.8,5.1,5.5,5.7,5.9,6.1,6.2,6.4,6.5,6.6,6.8,6.9,7.0,7.0,7.0,7.0,7.0,7.0,7.0,7.0,7.0,7.0,7.0,7.0,7.0,7.0,7.0,7.0,7.0,7.0,7.0,7.0,7.0
139,0.0,0.8,1.5,2.3,3.0,3.8,4.3,4.7,5.1,5.5,5.7,5.9,6.0,6.2,6.3,6.5,6.6,6.8,6.9,7.0,7.0,7.0,7.0,7.0,7.0,7.0,7.0,7.0,7.0,7.0,7.0,7.0,7.0,7.0,7.0,7.0,7.0,7.0,7.0,7.0
140,0.0,0.8,1.5,2.3,3.0,3.8,4.2,4.7,5.1,5.4,5.7,5.9,6.0,6.2,6.3,6.5,6.6,6.7,6.9,7.0,7.0,7.0,7.0,7.0,7.0,7.0,7.0,7.0,7.0,7.0,7.0,7.0,7.0,7.0,7.0,7.0,7.0,7.0,7.0,7.0
141,0.0,0.7,1.5,2.2,3.0,3.7,4.2,4.7,5.0,5.4,5.6,5.9,6.0,6.2,6.3,6.5,6.6,6.7,6.9,7.0,7.0,7.0,7.0,7.0,7.0,7.0,7.0,7.0,7.0,7.0,7.0,7.0,7.0,7.0,7.0,7.0,7.0,7.0,7.0,7.0
142,0.0,0.7,1.5,2.2,3.0,3.7,4.2,4.6,5.0,5.4,5.6,5.8,6.0,6.1,6.3,6.5,6.6,6.7,6.8,7.0,7.0,7.0,7.0,7.0,7.0,7.0,7.0,7.0,7.0,7.0,7.0,7.0,7.0,7.0,7.0,7.0,7.0,7.0,7.0,7.0
143,0.0,0.7,1.5,2.2,2.9,3.7,4.2,4.6,5.0,5.4,5.6,5.8,6.0,6.1,6.3,6.4,6.6,6.7,6.8,6.9,6.9,6.9,6.9,6.9,6.9,6.9,6.9,6.9,6.9,6.9,6.9,6.9,6.9,6.9,6.9,6.9,6.9,6.9,6.9,6.9
144,0.0,0.7,1.5,2.2,2.9,3.7,4.1,4.6,5.0,5.3,5.6,5.8,6.0,6.1,6.3,6.4,6.5,6.7,6.8,6.9,6.9,6.9,6.9,6.9,6.9,6.9,6.9,6.9,6.9,6.9,6.9,6.9,6.9,6.9,6.9,6.9,6.9,6.9,6.9,6.9
145,0.0,0.7,1.5,2.2,2.9,3.6,4.1,4.6,4.9,5.3,5.5,5.8,5.9,6.1,6.3,6.4,6.5,6.7,6.8,6.9,6.9,6.9,6.9,6.9,6.9,6.9,6.9,6.9,6.9,6.9,6.9,6.9,6.9,6.9,6.9,6.9,6.9,6.9,6.9,6.9
146,0.0,0.7,1.4,2.2,2.9,3.6,4.1,4.5,4.9,5.3,5.5,5.8,5.9,6.1,6.2,6.4,6.5,6.6,6.8,6.9,6.9,6.9,6.9,6.9,6.9,6.9,6.9,6.9,6.9,6.9,6.9,6.9,6.9,6.9,6.9,6.9,6.9,6.9,6.9,6.9
147,0.0,0.7,1.4,2.1,2.9,3.6,4.0,4.5,4.9,5.3,5.5,5.8,5.9,6.1,6.2,6.4,6.5,6.6,6.7,6.9,6.9,6.9,6.9,6.9,6.9,6.9,6.9,6.9,6.9,6.9,6.9,6.9,6.9,6.9,6.9,6.9,6.9,6.9,6.9,6.9
148,0.0,0.7,1.4,2.1,2.8,3.5,4.0,4.5,4.9,5.2,5.5,5.7,5.9,6.1,6.2,6.4,6.5,6.6,6.7,6.9,6.9,6.9,6.9,6.9,6.9,6.9,6.9,6.9,6.9,6.9,6.9,6.9,6.9,6.9,6.9,6.9,6.9,6.9,6.9,6.9
149,0.0,0.7,1.4,2.1,2.8,3.5,4.0,4.4,4.8,5.2,5.5,5.7,5.9,6.1,6.2,6.3,6.5,6.6,6.7,6.8,6.8,6.8,6.8,6.8,6.8,6.8,6.8,6.8,6.8,6.8,6.8,6.8,6.8,6.8,6.8,6.8,6.8,6.8,6.8,6.8
150,0.0,0.7,1.4,2.1,2.8,3.5,4.0,4.4,4.8,5.2,5.5,5.7,5.9,6.0,6.2,6.3,6.5,6.6,6.7,6.8,6.8,6.8,6.8,6.8,6.8,6.8,6.8,6.8,6.8,6.8,6.8,6.8,6.8,6.8,6.8,6.8,6.8,6.8,6.8,6.8
151,0.0,0.7,1.4,2.1,2.8,3.5,4.0,4.4,4.8,5.2,5.5,5.7,5.9,6.0,6.2,6.3,6.5,6.6,6.7,6.8,6.8,6.8,6.8,6.8,6.8,6.8,6.8,6.8,6.8,6.8,6.8,6.8,6.8,6.8,6.8,6.8,6.8,6.8,6.8,6.8
152,0.0,0.7,1.4,2.1,2.8,3.5,3.9,4.4,4.8,5.2,5.4,5.7,5.9,6.0,6.2,6.3,6.4,6.6,6.7,6.8,6.8,6.8,6.8,6.8,6.8,6.8,6.8,6.8,6.8,6.8,6.8,6.8,6.8,6.8,6.8,6.8,6.8,6.8,6.8,6.8
153,0.0,0.7,1.4,2.1,2.8,3.5,3.9,4.4,4.8,5.2,5.4,5.7,5.9,6.0,6.2,6.3,6.4,6.6,6.7,6.8,6.8,6.8,6.8,6.8,6.8,6.8,6.8,6.8,6.8,6.8,6.8,6.8,6.8,6.8,6.8,6.8,6.8,6.8,6.8,6.8
154,0.0,0.7,1.4,2.1,2.8,3.5,3.9,4.4,4.8,5.2,5.4,5.7,5.9,6.0,6.2,6.3,6.4,6.6,6.7,6.8,6.8,6.8,6.8,6.8,6.8,6.8,6.8,6.8,6.8,6.8,6.8,6.8,6.8,6.8,6.8,6.8,6.8,6.8,6.8,6.8
155,0.0,0.7,1.4,2.1,2.8,3.5,3.9,4.4,4.8,5.2,5.4,5.7,5.9,6.0,6.2,6.3,6.4,6.6,6.7,6.8,6.8,6.8,6.8,6.8,6.8,6.8,6.8,6.8,6.8,6.8,6.8,6.8,6.8,6.8,6.8,6.8,6.8,6.8,6.8,6.8
156,0.0,0.7,1.4,2.1,2.8,3.5,3.9,4.4,4.8,5.2,5.4,5.7,5.9,6.0,6.2,6.3,6.4,6.6,6.7,6.8,6.8,6.8,6.8,6.8,6.8,6.8,6.8,6.8,6.8,6.8,6.8,6.8,6.8,6.8,6.8,6.8,6.8,6.8,6.8,6.8
157,0.0,0.7,1.4,2.1,2.8,3.4,3.9,4.4,4.8,5.2,5.4,5.7,5.8,6.0,6.2,6.3,6.4,6.5,6.7,6.8,6.8,6.8,6.8,6.8,6.8,6.8,6.8,6.8,6.8,6.8,6.8,6.8,6.8,6.8,6.8,6.8,6.8,6.8,6.8,6.8
158,0.0,0.7,1.4,2.1,2.8,3.4,3.9,4.4,4.8,5.1,5.4,5.7,5.8,6.0,6.2,6.3,6.4,6.5,6.7,6.8,6.8,6.8,6.8,6.8,6.8,6.8,6.8,6.8,6.8,6.8,6.8,6.8,6.8,6.8,6.8,6.8,6.8,6.8,6.8,6.8
159,0.0,0.7,1.4,2.1,2.7,3.4,3.9,4.4,4.7,5.1,5.4,5.7,5.8,6.0,6.1,6.3,6.4,6.5,6.7,6.8,6.8,6.8,6.8,6.8,6.8,6.8,6.8,6.8,6.8,6.8,6.8,6.8,6.8,6.8,6.8,6.8,6.8,6.8,6.8,6.8
160,0.0,0.7,1.4,2.1,2.7,3.4,3.9,4.4,4.7,5.1,5.4,5.7,5.8,6.0,6.1,6.3,6.4,6.5,6.7,6.8,6.8,6.8,6.8,6.8,6.8,6.8,6.8,6.8,6.8,6.8,6.8,6.8,6.8,6.8,6.8,6.8,6.8,6.8,6.8,6.8
161,0.0,0.7,1.4,2.1,2.7,3.4,3.9,4.3,4.7,5.1,5.4,5.7,5.8,6.0,6.1,6.3,6.4,6.5,6.7,6.8,6.8,6.8,6.8,6.8,6.8,6.8,6.8,6.8,6.8,6.8,6.8,6.8,6.8,6.8,6.8,6.8,6.8,6.8,6.8,6.8
162,0.0,0.7,1.4,2.1,2.7,3.4,3.9,4.3,4.7,5.1,5.4,5.7,5.8,6.0,6.1,6.3,6.4,6.5,6.7,6.8,6.8,6.8,6.8,6.8,6.8,6.8,6.8,6.8,6.8,6.8,6.8,6.8,6.8,6.8,6.8,6.8,6.8,6.8,6.8,6.8
163,0.0,0.7,1.4,2.1,2.7,3.4,3.9,4.3,4.7,5.1,5.4,5.7,5.8,6.0,6.1,6.3,6.4,6.5,6.7,6.8,6.8,6.8,6.8,6.8,6.8,6.8,6.8,6.8,6.8,6.8,6.8,6.8,6.8,6.8,6.8,6.8,6.8,6.8,6.8,6.8
164,0.0,0.7,1.4,2.1,2.7,3.4,3.9,4.3,4.7,5.1,5.4,5.7,5.8,6.0,6.1,6.3,6.4,6.5,6.7,6.8,6.8,6.8,6.8,6.8,6.8,6.8,6.8,6.8,6.8,6.8,6.8,6.8,6.8,6.8,6.8,6.8,6.8,6.8,6.8,6.8
165,0.0,0.7,1.4,2.0,2.7,3.4,3.9,4.3,4.7,5.1,5.4,5.7,5.8,6.0,6.1,6.3,6.4,6.5,6.7,6.8,6.8,6.8,6.8,6.8,6.8,6.8,6.8,6.8,6.8,6.8,6.8,6.8,6.8,6.8,6.8,6.8,6.8,6.8,6.8,6.8
166,0.0,0.7,1.4,2.0,2.7,3.4,3.9,4.3,4.7,5.1,5.4,5.7,5.8,6.0,6.1,6.3,6.4,6.5,6.7,6.8,6.8,6.8,6.8,6.8,6.8,6.8,6.8,6.8,6.8,6.8,6.8,6.8,6.8,6.8,6.8,6.8,6.8,6.8,6.8,6.8
167,0.0,0.7,1.4,2.0,2.7,3.4,3.9,4.3,4.7,5.1,5.4,5.7,5.8,6.0,6.1,6.3,6.4,6.5,6.7,6.8,6.8,6.8,6.8,6.8,6.8,6.8,6.8,6.8,6.8,6.8,6.8,6.8,6.8,6.8,6.8,6.8,6.8,6.8,6.8,6.8
168,0.0,0.7,1.4,2.0,2.7,3.4,3.9,4.3,4.7,5.1,5.4,5.7,5.8,6.0,6.1,6.3,6.4,6.5,6.7,6.8,6.8,6.8,6.8,6.8,6.8,6.8,6.8,6.8,6.8,6.8,6.8,6.8,6.8,6.8,6.8,6.8,6.8,6.8,6.8,6.8
169,0.0,0.7,1.4,2.0,2.7,3.4,3.9,4.3,4.7,5.1,5.4,5.7,5.8,6.0,6.1,6.3,6.4,6.5,6.7,6.8,6.8,6.8,6.8,6.8,6.8,6.8,6.8,6.8,6.8,6.8,6.8,6.8,6.8,6.8,6.8,6.8,6.8,6.8,6.8,6.8
170,0.0,0.7,1.4,2.0,2.7,3.4,3.9,4.3,4.7,5.1,5.4,5.7,5.8,6.0,6.1,6.3,6.4,6.5,6.7,6.8,6.8,6.8,6.8,6.8,6.8,6.8,6.8,6.8,6.8,6.8,6.8,6.8,6.8,6.8,6.8,6.8,6.8,6.8,6.8,6.8
171,0.0,0.7,1.4,2.0,2.7,3.4,3.9,4.3,4.7,5.1,5.4,5.7,5.8,6.0,6.1,6.3,6.4,6.5,6.7,6.8,6.8,6.8,6.8,6.8,6.8,6.8,6.8,6.8,6.8,6.8,6.8,6.8,6.8,6.8,6.8,6.8,6.8,6.8,6.8,6.8
172,0.0,0.7,1.4,2.0,2.7,3.4,3.9,4.3,4.7,5.1,5.4,5.7,5.8,6.0,6.1,6.3,6.4,6.5,6.6,6.8,6.8,6.8,6.8,6.8,6.8,6.8,6.8,6.8,6.8,6.8,6.8,6.8,6.8,6.8,6.8,6.8,6.8,6.8,6.8,6.8
173,0.0,0.7,1.4,2.0,2.7,3.4,3.9,4.3,4.7,5.1,5.4,5.7,5.8,6.0,6.1,6.3,6.4,6.5,6.6,6.8,6.8,6.8,6.8,6.8,6.8,6.8,6.8,6.8,6.8,6.8,6.8,6.8,6.8,6.8,6.8,6.8,6.8,6.8,6.8,6.8
174,0.0,0.7,1.4,2.0,2.7,3.4,3.9,4.3,4.7,5.1,5.4,5.7,5.8,6.0,6.1,6.3,6.4,6.5,6.6,6.8,6.8,6.8,6.8,6.8,6.8,6.8,6.8,6.8,6.8,6.8,6.8,6.8,6.8,6.8,6.8,6.8,6.8,6.8,6.8,6.8
175,0.0,0.7,1.4,2.0,2.7,3.4,3.9,4.3,4.7,5.1,5.4,5.7,5.8,6.0,6.1,6.3,6.4,6.5,6.6,6.8,6.8,6.8,6.8,6.8,6.8,6.8,6.8,6.8,6.8,6.8,6.8,6.8,6.8,6.8,6.8,6.8,6.8,6.8,6.8,6.8
176,0.0,0.7,1.4,2.0,2.7,3.4,3.9,4.3,4.7,5.1,5.4,5.7,5.8,6.0,6.1,6.3,6.4,6.5,6.6,6.8,6.8,6.8,6.8,6.8,6.8,6.8,6.8,6.8,6.8,6.8,6.8,6.8,6.8,6.8,6.8,6.8,6.8,6.8,6.8,6.8
177,0.0,0.7,1.4,2.0,2.7,3.4,3.9,4.3,4.7,5.1,5.4,5.7,5.8,6.0,6.1,6.3,6.4,6.5,6.6,6.8,6.8,6.8,6.8,6.8,6.8,6.8,6.8,6.8,6.8,6.8,6.8,6.8,6.8,6.8,6.8,6.8,6.8,6.8,6.8,6.8
178,0.0,0.7,1.4,2.0,2.7,3.4,3.9,4.3,4.7,5.1,5.4,5.7,5.8,6.0,6.1,6.3,6.4,6.5,6.6,6.8,6.8,6.8,6.8,6.8,6.8,6.8,6.8,6.8,6.8,6.8,6.8,6.8,6.8,6.8,6.8,6.8,6.8,6.8,6.8,6.8
179,0.0,0.7,1.4,2.0,2.7,3.4,3.9,4.3,4.7,5.1,5.4,5.7,5.8,6.0,6.1,6.3,6.4,6.5,6.6,6.8,6.8,6.8,6.8,6.8,6.8,6.8,6.8,6.8,6.8,6.8,6.8,6.8,6.8,6.8,6.8,6.8,6.8,6.8,6.8,6.8
180,0.0,0.7,1.4,2.0,2.7,3.4,3.9,4.3,4.7,5.1,5.4,5.7,5.8,6.0,6.1,6.3,6.4,6.5,6.6,6.8,6.8,6.8,6.8,6.8,6.8,6.8,6.8,6.8,6.8,6.8,6.8,6.8,6.8,6.8,6.8,6.8,6.8,6.8,6.8,6.8
181,0.0,0.7,1.4,2.0,2.7,3.4,3.9,4.3,4.7,5.1,5.4,5.7,5.8,6.0,6.1,6.3,6.4,6.5,6.6,6.8,6.8,6.8,6.8,6.8,6.8,6.8,6.8,6.8,6.8,6.8,6.8,6.8,6.8,6.8,6.8,6.8,6.8,6.8,6.8,6.8
182,0.0,0.7,1.4,2.0,2.7,3.4,3.9,4.3,4.7,5.1,5.4,5.7,5.8,6.0,6.1,6.3,6.4,6.5,6.6,6.8,6.8,6.8,6.8,6.8,6.8,6.8,6.8,6.8,6.8,6.8,6.8,6.8,6.8,6.8,6.8,6.8,6.8,6.8,6.8,6.8
183,0.0,0.7,1.4,2.0,2.7,3.4,3.9,4.3,4.7,5.1,5.4,5.7,5.8,6.0,6.1,6.3,6.4,6.5,6.6,6.8,6.8,6.8,6.8,6.8,6.8,6.8,6.8,6.8,6.8,6.8,6.8,6.8,6.8,6.8,6.8,6.8,6.8,6.8,6.8,6.8
184,0.0,0.7,1.4,2.0,2.7,3.4,3.9,4.3,4.7,5.1,5.4,5.7,5.8,6.0,6.1,6.3,6.4,6.5,6.6,6.8,6.8,6.8,6.8,6.8,6.8,6.8,6.8,6.8,6.8,6.8,6.8,6.8,6.8,6.8,6.8,6.8,6.8,6.8,6.8,6.8
185,0.0,0.7,1.4,2.0,2.7,3.4,3.9,4.3,4.7,5.1,5.4,5.7,5.8,6.0,6.1,6.3,6.4,6.5,6.6,6.8,6.8,6.8,6.8,6.8,6.8,6.8,6.8,6.8,6.8,6.8,6.8,6.8,6.8,6.8,6.8,6.8,6.8,6.8,6.8,6.8
186,0.0,0.7,1.4,2.0,2.7,3.4,3.9,4.3,4.7,5.1,5.4,5.7,5.8,6.0,6.1,6.3,6.4,6.5,6.6,6.8,6.8,6.8,6.8,6.8,6.8,6.8,6.8,6.8,6.8,6.8,6.8,6.8,6.8,6.8,6.8,6.8,6.8,6.8,6.8,6.8
187,0.0,0.7,1.4,2.0,2.7,3.4,3.9,4.3,4.7,5.1,5.4,5.7,5.8,6.0,6.1,6.3,6.4,6.5,6.6,6.8,6.8,6.8,6.8,6.8,6.8,6.8,6.8,6.8,6.8,6.8,6.8,6.8,6.8,6.8,6.8,6.8,6.8,6.8,6.8,6.8
188,0.0,0.7,1.4,2.0,2.7,3.4,3.9,4.3,4.7,5.1,5.4,5.7,5.8,6.0,6.1,6.3,6.4,6.5,6.7,6.8,6.8,6.8,6.8,6.8,6.8,6.8,6.8,6.8,6.8,6.8,6.8,6.8,6.8,6.8,6.8,6.8,6.8,6.8,6.8,6.8
189,0.0,0.7,1.4,2.0,2.7,3.4,3.9,4.3,4.7,5.1,5.4,5.7,5.8,6.0,6.1,6.3,6.4,6.5,6.7,6.8,6.8,6.8,6.8,6.8,6.8,6.8,6.8,6.8,6.8,6.8,6.8,6.8,6.8,6.8,6.8,6.8,6.8,6.8,6.8,6.8
190,0.0,0.7,1.4,2.0,2.7,3.4,3.9,4.3,4.7,5.1,5.4,5.7,5.8,6.0,6.1,6.3,6.4,6.5,6.7,6.8,6.8,6.8,6.8,6.8,6.8,6.8,6.8,6.8,6.8,6.8,6.8,6.8,6.8,6.8,6.8,6.8,6.8,6.8,6.8,6.8
191,0.0,0.7,1.4,2.0,2.7,3.4,3.9,4.3,4.7,5.1,5.4,5.7,5.8,6.0,6.1,6.3,6.4,6.5,6.7,6.8,6.8,6.8,6.8,6.8,6.8,6.8,6.8,6.8,6.8,6.8,6.8,6.8,6.8,6.8,6.8,6.8,6.8,6.8,6.8,6.8
192,0.0,0.7,1.4,2.0,2.7,3.4,3.9,4.3,4.7,5.1,5.4,5.7,5.8,6.0,6.1,6.3,6.4,6.5,6.7,6.8,6.8,6.8,6.8,6.8,6.8,6.8,6.8,6.8,6.8,6.8,6.8,6.8,6.8,6.8,6.8,6.8,6.8,6.8,6.8,6.8
193,0.0,0.7,1.4,2.0,2.7,3.4,3.9,4.3,4.7,5.1,5.4,5.7,5.8,6.0,6.1,6.3,6.4,6.5,6.7,6.8,6.8,6.8,6.8,6.8,6.8,6.8,6.8,6.8,6.8,6.8,6.8,6.8,6.8,6.8,6.8,6.8,6.8,6.8,6.8,6.8
194,0.0,0.7,1.4,2.0,2.7,3.4,3.9,4.3,4.7,5.1,5.4,5.7,5.8,6.0,6.1,6.3,6.4,6.5,6.7,6.8,6.8,6.8,6.8,6.8,6.8,6.8,6.8,6.8,6.8,6.8,6.8,6.8,6.8,6.8,6.8,6.8,6.8,6.8,6.8,6.8
195,0.0,0.7,1.4,2.1,2.7,3.4,3.9,4.3,4.7,5.1,5.4,5.7,5.8,6.0,6.1,6.3,6.4,6.5,6.7,6.8,6.8,6.8,6.8,6.8,6.8,6.8,6.8,6.8,6.8,6.8,6.8,6.8,6.8,6.8,6.8,6.8,6.8,6.8,6.8,6.8
196,0.0,0.7,1.4,2.1,2.7,3.4,3.9,4.3,4.7,5.1,5.4,5.7,5.8,6.0,6.1,6.3,6.4,6.5,6.7,6.8,6.8,6.8,6.8,6.8,6.8,6.8,6.8,6.8,6.8,6.8,6.8,6.8,6.8,6.8,6.8,6.8,6.8,6.8,6.8,6.8
197,0.0,0.7,1.4,2.1,2.7,3.4,3.9,4.3,4.7,5.1,5.4,5.7,5.8,6.0,6.1,6.3,6.4,6.5,6.7,6.8,6.8,6.8,6.8,6.8,6.8,6.8,6.8,6.8,6.8,6.8,6.8,6.8,6.8,6.8,6.8,6.8,6.8,6.8,6.8,6.8
198,0.0,0.7,1.4,2.1,2.7,3.4,3.9,4.3,4.7,5.1,5.4,5.7,5.8,6.0,6.1,6.3,6.4,6.5,6.7,6.8,6.8,6.8,6.8,6.8,6.8,6.8,6.8,6.8,6.8,6.8,6.8,6.8,6.8,6.8,6.8,6.8,6.8,6.8,6.8,6.8
199,0.0,0.7,1.4,2.1,2.7,3.4,3.9,4.4,4.7,5.1,5.4,5.7,5.8,6.0,6.1,6.3,6.4,6.5,6.7,6.8,6.8,6.8,6.8,6.8,6.8,6.8,6.8,6.8,6.8,6.8,6.8,6.8,6.8,6.8,6.8,6.8,6.8,6.8,6.8,6.8
200,0.0,0.7,1.4,2.1,2.7,3.4,3.9,4.4,4.7,5.1,5.4,5.7,5.8,6.0,6.1,6.3,6.4,6.5,6.7,6.8,6.8,6.8,6.8,6.8,6.8,6.8,6.8,6.8,6.8,6.8,6.8,6.8,6.8,6.8,6.8,6.8,6.8,6.8,6.8,6.8
201,0.0,0.7,1.4,2.1,2.8,3.4,3.9,4.4,4.8,5.1,5.4,5.7,5.8,6.0,6.2,6.3,6.4,6.5,6.7,6.8,6.8,6.8,6.8,6.8,6.8,6.8,6.8,6.8,6.8,6.8,6.8,6.8,6.8,6.8,6.8,6.8,6.8,6.8,6.8,6.8
202,0.0,0.7,1.4,2.1,2.8,3.4,3.9,4.4,4.8,5.2,5.4,5.7,5.8,6.0,6.2,6.3,6.4,6.5,6.7,6.8,6.8,6.8,6.8,6.8,6.8,6.8,6.8,6.8,6.8,6.8,6.8,6.8,6.8,6.8,6.8,6.8,6.8,6.8,6.8,6.8
203,0.0,0.7,1.4,2.1,2.8,3.5,3.9,4.4,4.8,5.2,5.4,5.7,5.9,6.0,6.2,6.3,6.4,6.6,6.7,6.8,6.8,6.8,6.8,6.8,6.8,6.8,6.8,6.8,6.8,6.8,6.8,6.8,6.8,6.8,6.8,6.8,6.8,6.8,6.8,6.8
204,0.0,0.7,1.4,2.1,2.8,3.5,3.9,4.4,4.8,5.2,5.4,5.7,5.9,6.0,6.2,6.3,6.4,6.6,6.7,6.8,6.8,6.8,6.8,6.8,6.8,6.8,6.8,6.8,6.8,6.8,6.8,6.8,6.8,6.8,6.8,6.8,6.8,6.8,6.8,6.8
205,0.0,0.7,1.4,2.1,2.8,3.5,3.9,4.4,4.8,5.2,5.4,5.7,5.9,6.0,6.2,6.3,6.4,6.6,6.7,6.8,6.8,6.8,6.8,6.8,6.8,6.8,6.8,6.8,6.8,6.8,6.8,6.8,6.8,6.8,6.8,6.8,6.8,6.8,6.8,6.8
206,0.0,0.7,1.4,2.1,2.8,3.5,3.9,4.4,4.8,5.2,5.4,5.7,5.9,6.0,6.2,6.3,6.4,6.6,6.7,6.8,6.8,6.8,6.8,6.8,6.8,6.8,6.8,6.8,6.8,6.8,6.8,6.8,6.8,6.8,6.8,6.8,6.8,6.8,6.8,6.8
207,0.0,0.7,1.4,2.1,2.8,3.5,3.9,4.4,4.8,5.2,5.4,5.7,5.9,6.0,6.2,6.3,6.4,6.6,6.7,6.8,6.8,6.8,6.8,6.8,6.8,6.8,6.8,6.8,6.8,6.8,6.8,6.8,6.8,6.8,6.8,6.8,6.8,6.8,6.8,6.8
208,0.0,0.7,1.4,2.1,2.8,3.5,4.0,4.4,4.8,5.2,5.5,5.7,5.9,6.0,6.2,6.3,6.5,6.6,6.7,6.8,6.8,6.8,6.8,6.8,6.8,6.8,6.8,6.8,6.8,6.8,6.8,6.8,6.8,6.8,6.8,6.8,6.8,6.8,6.8,6.8
209,0.0,0.7,1.4,2.1,2.8,3.5,4.0,4.4,4.8,5.2,5.5,5.7,5.9,6.0,6.2,6.3,6.5,6.6,6.7,6.8,6.8,6.8,6.8,6.8,6.8,6.8,6.8,6.8,6.8,6.8,6.8,6.8,6.8,6.8,6.8,6.8,6.8,6.8,6.8,6.8
210,0.0,0.7,1.4,2.1,2.8,3.5,4.0,4.4,4.8,5.2,5.5,5.7,5.9,6.1,6.2,6.3,6.5,6.6,6.7,6.8,6.8,6.8,6.8,6.8,6.8,6.8,6.8,6.8,6.8,6.8,6.8,6.8,6.8,6.8,6.8,6.8,6.8,6.8,6.8,6.8
211,0.0,0.7,1.4,2.1,2.8,3.5,4.0,4.5,4.9,5.2,5.5,5.7,5.9,6.1,6.2,6.4,6.5,6.6,6.7,6.9,6.9,6.9,6.9,6.9,6.9,6.9,6.9,6.9,6.9,6.9,6.9,6.9,6.9,6.9,6.9,6.9,6.9,6.9,6.9,6.9
212,0.0,0.7,1.4,2.1,2.9,3.6,4.0,4.5,4.9,5.3,5.5,5.8,5.9,6.1,6.2,6.4,6.5,6.6,6.7,6.9,6.9,6.9,6.9,6.9,6.9,6.9,6.9,6.9,6.9,6.9,6.9,6.9,6.9,6.9,6.9,6.9,6.9,6.9,6.9,6.9
213,0.0,0.7,1.4,2.2,2.9,3.6,4.1,4.5,4.9,5.3,5.5,5.8,5.9,6.1,6.2,6.4,6.5,6.6,6.8,6.9,6.9,6.9,6.9,6.9,6.9,6.9,6.9,6.9,6.9,6.9,6.9,6.9,6.9,6.9,6.9,6.9,6.9,6.9,6.9,6.9
214,0.0,0.7,1.5,2.2,2.9,3.6,4.1,4.6,4.9,5.3,5.5,5.8,5.9,6.1,6.3,6.4,6.5,6.7,6.8,6.9,6.9,6.9,6.9,6.9,6.9,6.9,6.9,6.9,6.9,6.9,6.9,6.9,6.9,6.9,6.9,6.9,6.9,6.9,6.9,6.9
215,0.0,0.7,1.5,2.2,2.9,3.7,4.1,4.6,5.0,5.3,5.6,5.8,6.0,6.1,6.3,6.4,6.5,6.7,6.8,6.9,6.9,6.9,6.9,6.9,6.9,6.9,6.9,6.9,6.9,6.9,6.9,6.9,6.9,6.9,6.9,6.9,6.9,6.9,6.9,6.9
216,0.0,0.7,1.5,2.2,2.9,3.7,4.2,4.6,5.0,5.4,5.6,5.8,6.0,6.1,6.3,6.4,6.6,6.7,6.8,6.9,6.9,6.9,6.9,6.9,6.9,6.9,6.9,6.9,6.9,6.9,6.9,6.9,6.9,6.9,6.9,6.9,6.9,6.9,6.9,6.9
217,0.0,0.7,1.5,2.2,3.0,3.7,4.2,4.6,5.0,5.4,5.6,5.8,6.0,6.1,6.3,6.5,6.6,6.7,6.8,7.0,7.0,7.0,7.0,7.0,7.0,7.0,7.0,7.0,7.0,7.0,7.0,7.0,7.0,7.0,7.0,7.0,7.0,7.0,7.0,7.0
218,0.0,0.7,1.5,2.2,3.0,3.7,4.2,4.7,5.0,5.4,5.6,5.9,6.0,6.2,6.3,6.5,6.6,6.7,6.9,7.0,7.0,7.0,7.0,7.0,7.0,7.0,7.0,7.0,7.0,7.0,7.0,7.0,7.0,7.0,7.0,7.0,7.0,7.0,7.0,7.0
219,0.0,0.8,1.5,2.3,3.0,3.8,4.2,4.7,5.1,5.4,5.7,5.9,6.0,6.2,6.3,6.5,6.6,6.7,6.9,7.0,7.0,7.0,7.0,7.0,7.0,7.0,7.0,7.0,7.0,7.0,7.0,7.0,7.0,7.0,7.0,7.0,7.0,7.0,7.0,7.0
220,0.0,0.8,1.5,2.3,3.0,3.8,4.3,4.7,5.1,5.5,5.7,5.9,6.0,6.2,6.3,6.5,6.6,6.8,6.9,7.0,7.0,7.0,7.0,7.0,7.0,7.0,7.0,7.0,7.0,7.0,7.0,7.0,7.0,7.0,7.0,7.0,7.0,7.0,7.0,7.0
221,0.0,0.8,1.5,2.3,3.1,3.8,4.3,4.8,5.1,5.5,5.7,5.9,6.1,6.2,6.4,6.5,6.6,6.8,6.9,7.0,7.0,7.0,7.0,7.0,7.0,7.0,7.0,7.0,7.0,7.0,7.0,7.0,7.0,7.0,7.0,7.0,7.0,7.0,7.0,7.0
222,0.0,0.8,1.5,2.3,3.1,3.9,4.3,4.8,5.2,5.5,5.7,5.9,6.1,6.2,6.4,6.5,6.7,6.8,6.9,7.0,7.0,7.0,7.0,7.0,7.0,7.0,7.0,7.0,7.0,7.0,7.0,7.0,7.0,7.0,7.0,7.0,7.0,7.0,7.0,7.0
223,0.0,0.8,1.6,2.3,3.1,3.9,4.4,4.8,5.2,5.5,5.7,5.9,6.1,6.2,6.4,6.6,6.7,6.8,6.9,7.1,7.1,7.1,7.1,7.1,7.1,7.1,7.1,7.1,7.1,7.1,7.1,7.1,7.1,7.1,7.1,7.1,7.1,7.1,7.1,7.1
224,0.0,0.8,1.6,2.4,3.1,3.9,4.4,4.9,5.2,5.6,5.8,6.0,6.1,6.3,6.4,6.6,6.7,6.8,7.0,7.1,7.1,7.1,7.1,7.1,7.1,7.1,7.1,7.1,7.1,7.1,7.1,7.1,7.1,7.1,7.1,7.1,7.1,7.1,7.1,7.1
225,0.0,0.8,1.6,2.4,3.2,3.9,4.4,4.9,5.2,5.6,5.8,6.0,6.1,6.3,6.4,6.6,6.7,6.8,7.0,7.1,7.1,7.1,7.1,7.1,7.1,7.1,7.1,7.1,7.1,7.1,7.1,7.1,7.1,7.1,7.1,7.1,7.1,7.1,7.1,7.1
226,0.0,0.8,1.6,2.4,3.2,4.0,4.4,4.9,5.3,5.6,5.8,6.0,6.1,6.3,6.4,6.6,6.7,6.8,7.0,7.1,7.1,7.1,7.1,7.1,7.1,7.1,7.1,7.1,7.1,7.1,7.1,7.1,7.1,7.1,7.1,7.1,7.1,7.1,7.1,7.1
227,0.0,0.8,1.6,2.4,3.2,4.0,4.5,4.9,5.3,5.6,5.8,6.0,6.1,6.3,6.4,6.6,6.7,6.8,7.0,7.1,7.1,7.1,7.1,7.1,7.1,7.1,7.1,7.1,7.1,7.1,7.1,7.1,7.1,7.1,7.1,7.1,7.1,7.1,7.1,7.1
228,0.0,0.8,1.6,2.4,3.2,4.0,4.5,5.0,5.3,5.6,5.8,6.0,6.1,6.3,6.4,6.6,6.7,6.8,7.0,7.1,7.1,7.1,7.1,7.1,7.1,7.1,7.1,7.1,7.1,7.1,7.1,7.1,7.1,7.1,7.1,7.1,7.1,7.1,7.1,7.1
229,0.0,0.8,1.6,2.4,3.3,4.1,4.5,5.0,5.3,5.7,5.8,6.0,6.2,6.3,6.5,6.6,6.7,6.8,7.0,7.1,7.1,7.1,7.1,7.1,7.1,7.1,7.1,7.1,7.1,7.1,7.1,7.1,7.1,7.1,7.1,7.1,7.1,7.1,7.1,7.1
230,0.0,0.8,1.6,2.5,3.3,4.1,4.6,5.0,5.3,5.7,5.8,6.0,6.2,6.3,6.5,6.6,6.7,6.8,7.0,7.1,7.1,7.1,7.1,7.1,7.1,7.1,7.1,7.1,7.1,7.1,7.1,7.1,7.1,7.1,7.1,7.1,7.1,7.1,7.1,7.1
231,0.0,0.8,1.7,2.5,3.3,4.1,4.6,5.1,5.4,5.7,5.9,6.0,6.2,6.3,6.5,6.6,6.7,6.9,7.0,7.1,7.1,7.1,7.1,7.1,7.1,7.1,7.1,7.1,7.1,7.1,7.1,7.1,7.1,7.1,7.1,7.1,7.1,7.1,7.1,7.1
232,0.0,0.8,1.7,2.5,3.3,4.2,4.6,5.1,5.4,5.7,5.9,6.1,6.2,6.3,6.5,6.6,6.7,6.9,7.0,7.1,7.1,7.1,7.1,7.1,7.1,7.1,7.1,7.1,7.1,7.1,7.1,7.1,7.1,7.1,7.1,7.1,7.1,7.1,7.1,7.1
233,0.0,0.8,1.7,2.5,3.4,4.2,4.7,5.1,5.4,5.7,5.9,6.1,6.2,6.3,6.5,6.6,6.7,6.9,7.0,7.1,7.1,7.1,7.1,7.1,7.1,7.1,7.1,7.1,7.1,7.1,7.1,7.1,7.1,7.1,7.1,7.1,7.1,7.1,7.1,7.1
234,0.0,0.8,1.7,2.5,3.4,4.2,4.7,5.1,5.4,5.7,5.9,6.1,6.2,6.4,6.5,6.6,6.7,6.9,7.0,7.1,7.1,7.1,7.1,7.1,7.1,7.1,7.1,7.1,7.1,7.1,7.1,7.1,7.1,7.1,7.1,7.1,7.1,7.1,7.1,7.1
235,0.0,0.9,1.7,2.6,3.4,4.3,4.7,5.2,5.5,5.8,5.9,6.1,6.2,6.4,6.5,6.6,6.8,6.9,7.0,7.1,7.1,7.1,7.1,7.1,7.1,7.1,7.1,7.1,7.1,7.1,7.1,7.1,7.1,7.1,7.1,7.1,7.1,7.1,7.1,7.1
236,0.0,0.9,1.7,2.6,3.4,4.3,4.7,5.2,5.5,5.8,5.9,6.1,6.2,6.4,6.5,6.6,6.8,6.9,7.0,7.1,7.1,7.1,7.1,7.1,7.1,7.1,7.1,7.1,7.1,7.1,7.1,7.1,7.1,7.1,7.1,7.1,7.1,7.1,7.1,7.1
237,0.0,0.9,1.7,2.6,3.5,4.3,4.8,5.2,5.5,5.8,6.0,6.1,6.3,6.4,6.5,6.6,6.8,6.9,7.0,7.1,7.1,7.1,7.1,7.1,7.1,7.1,7.1,7.1,7.1,7.1,7.1,7.1,7.1,7.1,7.1,7.1,7.1,7.1,7.1,7.1
238,0.0,0.9,1.7,2.6,3.5,4.3,4.8,5.3,5.5,5.8,6.0,6.1,6.3,6.4,6.5,6.7,6.8,6.9,7.0,7.1,7.1,7.1,7.1,7.1,7.1,7.1,7.1,7.1,7.1,7.1,7.1,7.1,7.1,7.1,7.1,7.1,7.1,7.1,7.1,7.1
239,0.0,0.9,1.8,2.6,3.5,4.4,4.8,5.3,5.6,5.8,6.0,6.1,6.3,6.4,6.5,6.7,6.8,6.9,7.0,7.1,7.1,7.1,7.1,7.1,7.1,7.1,7.1,7.1,7.1,7.1,7.1,7.1,7.1,7.1,7.1,7.1,7.1,7.1,7.1,7.1
240,0.0,0.9,1.8,2.6,3.5,4.4,4.8,5.3,5.6,5.8,6.0,6.1,6.3,6.4,6.5,6.7,6.8,6.9,7.0,7.1,7.1,7.1,7.1,7.1,7.1,7.1,7.1,7.1,7.1,7.1,7.1,7.1,7.1,7.1,7.1,7.1,7.1,7.1,7.1,7.1
241,0.0,0.9,1.8,2.6,3.5,4.4,4.9,5.3,5.6,5.8,6.0,6.1,6.3,6.4,6.5,6.7,6.8,6.9,7.0,7.1,7.1,7.1,7.1,7.1,7.1,7.1,7.1,7.1,7.1,7.1,7.1,7.1,7.1,7.1,7.1,7.1,7.1,7.1,7.1,7.1
242,0.0,0.9,1.8,2.6,3.5,4.4,4.9,5.3,5.6,5.8,6.0,6.2,6.3,6.4,6.5,6.7,6.8,6.9,7.0,7.1,7.1,7.1,7.1,7.1,7.1,7.1,7.1,7.1,7.1,7.1,7.1,7.1,7.1,7.1,7.1,7.1,7.1,7.1,7.1,7.1
243,0.0,0.9,1.8,2.7,3.5,4.4,4.9,5.3,5.6,5.8,6.0,6.2,6.3,6.4,6.5,6.6,6.7,6.8,6.9,7.0,7.0,7.0,7.0,7.0,7.0,7.0,7.0,7.0,7.0,7.0,7.0,7.0,7.0,7.0,7.0,7.0,7.0,7.0,7.0,7.0
244,0.0,0.9,1.8,2.7,3.6,4.4,4.9,5.3,5.6,5.9,6.0,6.2,6.3,6.4,6.5,6.6,6.7,6.8,6.9,7.0,7.0,7.0,7.0,7.0,7.0,7.0,7.0,7.0,7.0,7.0,7.0,7.0,7.0,7.0,7.0,7.0,7.0,7.0,7.0,7.0
245,0.0,0.9,1.8,2.7,3.6,4.5,4.9,5.4,5.6,5.9,6.0,6.2,6.3,6.4,6.5,6.6,6.7,6.8,6.9,7.0,7.0,7.0,7.0,7.0,7.0,7.0,7.0,7.0,7.0,7.0,7.0,7.0,7.0,7.0,7.0,7.0,7.0,7.0,7.0,7.0
246,0.0,0.9,1.8,2.7,3.6,4.5,4.9,5.4,5.6,5.9,6.0,6.2,6.3,6.4,6.5,6.6,6.7,6.8,6.9,7.0,7.0,7.0,7.0,7.0,7.0,7.0,7.0,7.0,7.0,7.0,7.0,7.0,7.0,7.0,7.0,7.0,7.0,7.0,7.0,7.0
247,0.0,0.9,1.8,2.7,3.6,4.5,4.9,5.4,5.6,5.9,6.0,6.2,6.3,6.4,6.5,6.6,6.7,6.8,6.9,7.0,7.0,7.0,7.0,7.0,7.0,7.0,7.0,7.0,7.0,7.0,7.0,7.0,7.0,7.0,7.0,7.0,7.0,7.0,7.0,7.0
248,0.0,0.9,1.8,2.7,3.6,4.5,4.9,5.4,5.6,5.9,6.0,6.2,6.3,6.4,6.5,6.6,6.7,6.8,6.9,6.9,6.9,6.9,6.9,6.9,6.9,6.9,6.9,6.9,6.9,6.9,6.9,6.9,6.9,6.9,6.9,6.9,6.9,6.9,6.9,6.9
249,0.0,0.9,1.8,2.7,3.6,4.5,5.0,5.4,5.6,5.9,6.0,6.2,6.3,6.4,6.5,6.6,6.7,6.8,6.8,6.9,6.9,6.9,6.9,6.9,6.9,6.9,6.9,6.9,6.9,6.9,6.9,6.9,6.9,6.9,6.9,6.9,6.9,6.9,6.9,6.9
250,0.0,0.9,1.8,2.7,3.6,4.5,5.0,5.4,5.6,5.9,6.0,6.2,6.3,6.4,6.5,6.6,6.7,6.8,6.8,6.9,6.9,6.9,6.9,6.9,6.9,6.9,6.9,6.9,6.9,6.9,6.9,6.9,6.9,6.9,6.9,6.9,6.9,6.9,6.9,6.9
251,0.0,0.9,1.8,2.7,3.6,4.5,4.9,5.4,5.6,5.9,6.0,6.2,6.3,6.4,6.5,6.6,6.7,6.7,6.8,6.9,6.9,6.9,6.9,6.9,6.9,6.9,6.9,6.9,6.9,6.9,6.9,6.9,6.9,6.9,6.9,6.9,6.9,6.9,6.9,6.9
252,0.0,0.9,1.8,2.7,3.6,4.5,4.9,5.4,5.6,5.9,6.0,6.2,6.3,6.4,6.5,6.6,6.7,6.7,6.8,6.9,6.9,6.9,6.9,6.9,6.9,6.9,6.9,6.9,6.9,6.9,6.9,6.9,6.9,6.9,6.9,6.9,6.9,6.9,6.9,6.9
253,0.0,0.9,1.8,2.7,3.6,4.5,4.9,5.4,5.6,5.9,6.0,6.2,6.3,6.4,6.5,6.6,6.6,6.7,6.8,6.8,6.8,6.8,6.8,6.8,6.8,6.8,6.8,6.8,6.8,6.8,6.8,6.8,6.8,6.8,6.8,6.8,6.8,6.8,6.8,6.8
254,0.0,0.9,1.8,2.7,3.6,4.5,4.9,5.4,5.6,5.9,6.0,6.1,6.3,6.4,6.5,6.6,6.6,6.7,6.8,6.8,6.8,6.8,6.8,6.8,6.8,6.8,6.8,6.8,6.8,6.8,6.8,6.8,6.8,6.8,6.8,6.8,6.8,6.8,6.8,6.8
255,0.0,0.9,1.8,2.7,3.6,4.5,4.9,5.4,5.6,5.9,6.0,6.1,6.2,6.4,6.4,6.5,6.6,6.7,6.7,6.8,6.8,6.8,6.8,6.8,6.8,6.8,6.8,6.8,6.8,6.8,6.8,6.8,6.8,6.8,6.8,6.8,6.8,6.8,6.8,6.8
256,0.0,0.9,1.8,2.7,3.6,4.5,4.9,5.4,5.6,5.8,6.0,6.1,6.2,6.3,6.4,6.5,6.6,6.7,6.7,6.8,6.8,6.8,6.8,6.8,6.8,6.8,6.8,6.8,6.8,6.8,6.8,6.8,6.8,6.8,6.8,6.8,6.8,6.8,6.8,6.8
257,0.0,0.9,1.8,2.7,3.6,4.5,4.9,5.4,5.6,5.8,6.0,6.1,6.2,6.3,6.4,6.5,6.6,6.6,6.7,6.8,6.8,6.8,6.8,6.8,6.8,6.8,6.8,6.8,6.8,6.8,6.8,6.8,6.8,6.8,6.8,6.8,6.8,6.8,6.8,6.8
258,0.0,0.9,1.8,2.7,3.6,4.5,4.9,5.4,5.6,5.8,6.0,6.1,6.2,6.3,6.4,6.5,6.6,6.6,6.7,6.8,6.8,6.8,6.8,6.8,6.8,6.8,6.8,6.8,6.8,6.8,6.8,6.8,6.8,6.8,6.8,6.8,6.8,6.8,6.8,6.8
259,0.0,0.9,1.8,2.7,3.6,4.5,4.9,5.4,5.6,5.8,6.0,6.1,6.2,6.3,6.4,6.5,6.5,6.6,6.7,6.7,6.7,6.7,6.7,6.7,6.7,6.7,6.7,6.7,6.7,6.7,6.7,6.7,6.7,6.7,6.7,6.7,6.7,6.7,6.7,6.7
260,0.0,0.9,1.8,2.7,3.6,4.5,4.9,5.4,5.6,5.8,6.0,6.1,6.2,6.3,6.4,6.5,6.5,6.6,6.7,6.7,6.7,6.7,6.7,6.7,6.7,6.7,6.7,6.7,6.7,6.7,6.7,6.7,6.7,6.7,6.7,6.7,6.7,6.7,6.7,6.7
261,0.0,0.9,1.8,2.7,3.6,4.5,4.9,5.4,5.6,5.8,6.0,6.1,6.2,6.3,6.4,6.5,6.5,6.6,6.6,6.7,6.7,6.7,6.7,6.7,6.7,6.7,6.7,6.7,6.7,6.7,6.7,6.7,6.7,6.7,6.7,6.7,6.7,6.7,6.7,6.7
262,0.0,0.9,1.8,2.7,3.6,4.5,4.9,5.3,5.6,5.8,6.0,6.1,6.2,6.3,6.4,6.4,6.5,6.6,6.6,6.7,6.7,6.7,6.7,6.7,6.7,6.7,6.7,6.7,6.7,6.7,6.7,6.7,6.7,6.7,6.7,6.7,6.7,6.7,6.7,6.7
263,0.0,0.9,1.8,2.7,3.6,4.5,4.9,5.3,5.6,5.8,5.9,6.1,6.2,6.3,6.3,6.4,6.5,6.5,6.6,6.7,6.7,6.7,6.7,6.7,6.7,6.7,6.7,6.7,6.7,6.7,6.7,6.7,6.7,6.7,6.7,6.7,6.7,6.7,6.7,6.7
264,0.0,0.9,1.8,2.7,3.6,4.5,4.9,5.3,5.6,5.8,5.9,6.1,6.2,6.2,6.3,6.4,6.5,6.5,6.6,6.6,6.6,6.6,6.6,6.6,6.6,6.6,6.6,6.6,6.6,6.6,6.6,6.6,6.6,6.6,6.6,6.6,6.6,6.6,6.6,6.6
265,0.0,0.9,1.8,2.7,3.6,4.5,4.9,5.3,5.6,5.8,5.9,6.1,6.1,6.2,6.3,6.4,6.5,6.5,6.6,6.6,6.6,6.6,6.6,6.6,6.6,6.6,6.6,6.6,6.6,6.6,6.6,6.6,6.6,6.6,6.6,6.6,6.6,6.6,6.6,6.6
266,0.0,0.9,1.8,2.7,3.6,4.5,4.9,5.3,5.6,5.8,5.9,6.1,6.1,6.2,6.3,6.4,6.4,6.5,6.6,6.6,6.6,6.6,6.6,6.6,6.6,6.6,6.6,6.6,6.6,6.6,6.6,6.6,6.6,6.6,6.6,6.6,6.6,6.6,6.6,6.6
267,0.0,0.9,1.8,2.7,3.6,4.5,4.9,5.3,5.6,5.8,5.9,6.0,6.1,6.2,6.3,6.4,6.4,6.5,6.5,6.6,6.6,6.6,6.6,6.6,6.6,6.6,6.6,6.6,6.6,6.6,6.6,6.6,6.6,6.6,6.6,6.6,6.6,6.6,6.6,6.6
268,0.0,0.9,1.8,2.7,3.6,4.5,4.9,5.3,5.6,5.8,5.9,6.0,6.1,6.2,6.3,6.4,6.4,6.5,6.5,6.6,6.6,6.6,6.6,6.6,6.6,6.6,6.6,6.6,6.6,6.6,6.6,6.6,6.6,6.6,6.6,6.6,6.6,6.6,6.6,6.6
269,0.0,0.9,1.8,2.7,3.6,4.5,4.9,5.3,5.6,5.8,5.9,6.0,6.1,6.2,6.3,6.3,6.4,6.5,6.5,6.6,6.6,6.6,6.6,6.6,6.6,6.6,6.6,6.6,6.6,6.6,6.6,6.6,6.6,6.6,6.6,6.6,6.6,6.6,6.6,6.6
270,0.0,0.9,1.8,2.7,3.6,4.5,4.9,5.3,5.6,5.8,5.9,6.0,6.1,6.2,6.3,6.3,6.4,6.4,6.5,6.5,6.5,6.5,6.5,6.5,6.5,6.5,6.5,6.5,6.5,6.5,6.5,6.5,6.5,6.5,6.5,6.5,6.5,6.5,6.5,6.5
271,0.0,0.9,1.8,2.7,3.6,4.6,4.9,5.3,5.5,5.8,5.9,6.0,6.1,6.2,6.3,6.3,6.4,6.4,6.5,6.5,6.5,6.5,6.5,6.5,6.5,6.5,6.5,6.5,6.5,6.5,6.5,6.5,6.5,6.5,6.5,6.5,6.5,6.5,6.5,6.5
272,0.0,0.9,1.8,2.7,3.6,4.6,4.9,5.3,5.5,5.8,5.9,6.0,6.1,6.2,6.2,6.3,6.4,6.4,6.5,6.5,6.5,6.5,6.5,6.5,6.5,6.5,6.5,6.5,6.5,6.5,6.5,6.5,6.5,6.5,6.5,6.5,6.5,6.5,6.5,6.5
273,0.0,0.9,1.8,2.7,3.6,4.6,4.9,5.3,5.5,5.8,5.9,6.0,6.1,6.2,6.2,6.3,6.4,6.4,6.4,6.5,6.5,6.5,6.5,6.5,6.5,6.5,6.5,6.5,6.5,6.5,6.5,6.5,6.5,6.5,6.5,6.5,6.5,6.5,6.5,6.5
274,0.0,0.9,1.8,2.7,3.7,4.6,4.9,5.3,5.5,5.8,5.9,6.0,6.1,6.2,6.2,6.3,6.3,6.4,6.4,6.5,6.5,6.5,6.5,6.5,6.5,6.5,6.5,6.5,6.5,6.5,6.5,6.5,6.5,6.5,6.5,6.5,6.5,6.5,6.5,6.5
275,0.0,0.9,1.8,2.7,3.7,4.6,5.0,5.3,5.5,5.8,5.9,6.0,6.1,6.2,6.2,6.3,6.3,6.4,6.4,6.5,6.5,6.5,6.5,6.5,6.5,6.5,6.5,6.5,6.5,6.5,6.5,6.5,6.5,6.5,6.5,6.5,6.5,6.5,6.5,6.5
276,0.0,0.9,1.8,2.7,3.7,4.6,5.0,5.3,5.5,5.8,5.9,6.0,6.1,6.1,6.2,6.3,6.3,6.4,6.4,6.4,6.4,6.4,6.4,6.4,6.4,6.4,6.4,6.4,6.4,6.4,6.4,6.4,6.4,6.4,6.4,6.4,6.4,6.4,6.4,6.4
277,0.0,0.9,1.8,2.7,3.7,4.6,5.0,5.3,5.5,5.8,5.9,6.0,6.1,6.1,6.2,6.3,6.3,6.3,6.4,6.4,6.4,6.4,6.4,6.4,6.4,6.4,6.4,6.4,6.4,6.4,6.4,6.4,6.4,6.4,6.4,6.4,6.4,6.4,6.4,6.4
278,0.0,0.9,1.8,2.8,3.7,4.6,5.0,5.3,5.5,5.8,5.9,6.0,6.1,6.1,6.2,6.3,6.3,6.3,6.4,6.4,6.4,6.4,6.4,6.4,6.4,6.4,6.4,6.4,6.4,6.4,6.4,6.4,6.4,6.4,6.4,6.4,6.4,6.4,6.4,6.4
279,0.0,0.9,1.8,2.8,3.7,4.6,5.0,5.3,5.5,5.7,5.9,6.0,6.1,6.1,6.2,6.2,6.3,6.3,6.4,6.4,6.4,6.4,6.4,6.4,6.4,6.4,6.4,6.4,6.4,6.4,6.4,6.4,6.4,6.4,6.4,6.4,6.4,6.4,6.4,6.4
280,0.0,0.9,1.8,2.8,3.7,4.6,5.0,5.3,5.5,5.7,5.9,6.0,6.0,6.1,6.2,6.2,6.3,6.3,6.3,6.4,6.4,6.4,6.4,6.4,6.4,6.4,6.4,6.4,6.4,6.4,6.4,6.4,6.4,6.4,6.4,6.4,6.4,6.4,6.4,6.4
281,0.0,0.9,1.8,2.8,3.7,4.6,5.0,5.3,5.5,5.7,5.8,6.0,6.0,6.1,6.2,6.2,6.3,6.3,6.3,6.4,6.4,6.4,6.4,6.4,6.4,6.4,6.4,6.4,6.4,6.4,6.4,6.4,6.4,6.4,6.4,6.4,6.4,6.4,6.4,6.4
282,0.0,0.9,1.8,2.8,3.7,4.6,5.0,5.3,5.5,5.7,5.8,6.0,6.0,6.1,6.2,6.2,6.3,6.3,6.3,6.3,6.3,6.3,6.3,6.3,6.3,6.3,6.3,6.3,6.3,6.3,6.3,6.3,6.3,6.3,6.3,6.3,6.3,6.3,6.3,6.3
283,0.0,0.9,1.8,2.8,3.7,4.6,5.0,5.3,5.5,5.7,5.8,5.9,6.0,6.1,6.2,6.2,6.2,6.3,6.3,6.3,6.3,6.3,6.3,6.3,6.3,6.3,6.3,6.3,6.3,6.3,6.3,6.3,6.3,6.3,6.3,6.3,6.3,6.3,6.3,6.3
284,0.0,0.9,1.8,2.8,3.7,4.6,5.0,5.4,5.5,5.7,5.8,5.9,6.0,6.1,6.1,6.2,6.2,6.3,6.3,6.3,6.3,6.3,6.3,6.3,6.3,6.3,6.3,6.3,6.3,6.3,6.3,6.3,6.3,6.3,6.3,6.3,6.3,6.3,6.3,6.3
285,0.0,0.9,1.8,2.8,3.7,4.6,5.0,5.3,5.5,5.7,5.8,5.9,6.0,6.1,6.1,6.2,6.2,6.2,6.3,6.3,6.3,6.3,6.3,6.3,6.3,6.3,6.3,6.3,6.3,6.3,6.3,6.3,6.3,6.3,6.3,6.3,6.3,6.3,6.3,6.3
286,0.0,0.9,1.8,2.8,3.7,4.6,5.0,5.3,5.5,5.7,5.8,5.9,6.0,6.1,6.1,6.2,6.2,6.2,6.2,6.3,6.3,6.3,6.3,6.3,6.3,6.3,6.3,6.3,6.3,6.3,6.3,6.3,6.3,6.3,6.3,6.3,6.3,6.3,6.3,6.3
287,0.0,0.9,1.8,2.8,3.7,4.6,5.0,5.3,5.5,5.7,5.8,5.9,6.0,6.1,6.1,6.2,6.2,6.2,6.2,6.2,6.2,6.2,6.2,6.2,6.2,6.2,6.2,6.2,6.2,6.2,6.2,6.2,6.2,6.2,6.2,6.2,6.2,6.2,6.2,6.2
288,0.0,0.9,1.8,2.8,3.7,4.6,5.0,5.3,5.5,5.7,5.8,5.9,6.0,6.1,6.1,6.1,6.2,6.2,6.2,6.2,6.2,6.2,6.2,6.2,6.2,6.2,6.2,6.2,6.2,6.2,6.2,6.2,6.2,6.2,6.2,6.2,6.2,6.2,6.2,6.2
289,0.0,0.9,1.8,2.8,3.7,4.6,5.0,5.3,5.5,5.7,5.8,5.9,6.0,6.0,6.1,6.1,6.1,6.2,6.2,6.2,6.2,6.2,6.2,6.2,6.2,6.2,6.2,6.2,6.2,6.2,6.2,6.2,6.2,6.2,6.2,6.2,6.2,6.2,6.2,6.2
290,0.0,0.9,1.8,2.7,3.7,4.6,4.9,5.3,5.5,5.7,5.8,5.9,6.0,6.0,6.1,6.1,6.1,6.1,6.2,6.2,6.2,6.2,6.2,6.2,6.2,6.2,6.2,6.2,6.2,6.2,6.2,6.2,6.2,6.2,6.2,6.2,6.2,6.2,6.2,6.2
291,0.0,0.9,1.8,2.7,3.7,4.6,4.9,5.3,5.5,5.7,5.8,5.9,5.9,6.0,6.1,6.1,6.1,6.1,6.1,6.1,6.1,6.1,6.1,6.1,6.1,6.1,6.1,6.1,6.1,6.1,6.1,6.1,6.1,6.1,6.1,6.1,6.1,6.1,6.1,6.1
292,0.0,0.9,1.8,2.7,3.7,4.6,4.9,5.3,5.5,5.7,5.8,5.9,5.9,6.0,6.0,6.1,6.1,6.1,6.1,6.1,6.1,6.1,6.1,6.1,6.1,6.1,6.1,6.1,6.1,6.1,6.1,6.1,6.1,6.1,6.1,6.1,6.1,6.1,6.1,6.1
293,0.0,0.9,1.8,2.7,3.6,4.6,4.9,5.3,5.5,5.7,5.8,5.9,5.9,6.0,6.0,6.1,6.1,6.1,6.1,6.1,6.1,6.1,6.1,6.1,6.1,6.1,6.1,6.1,6.1,6.1,6.1,6.1,6.1,6.1,6.1,6.1,6.1,6.1,6.1,6.1
294,0.0,0.9,1.8,2.7,3.6,4.6,4.9,5.3,5.5,5.6,5.7,5.9,5.9,6.0,6.0,6.1,6.1,6.1,6.1,6.1,6.1,6.1,6.1,6.1,6.1,6.1,6.1,6.1,6.1,6.1,6.1,6.1,6.1,6.1,6.1,6.1,6.1,6.1,6.1,6.1
295,0.0,0.9,1.8,2.7,3.6,4.5,4.9,5.3,5.5,5.6,5.7,5.8,5.9,6.0,6.0,6.0,6.0,6.0,6.0,6.0,6.0,6.0,6.0,6.0,6.0,6.0,6.0,6.0,6.0,6.0,6.0,6.0,6.0,6.0,6.0,6.0,6.0,6.0,6.0,6.0
296,0.0,0.9,1.8,2.7,3.6,4.5,4.9,5.3,5.4,5.6,5.7,5.8,5.9,6.0,6.0,6.0,6.0,6.0,6.0,6.0,6.0,6.0,6.0,6.0,6.0,6.0,6.0,6.0,6.0,6.0,6.0,6.0,6.0,6.0,6.0,6.0,6.0,6.0,6.0,6.0
297,0.0,0.9,1.8,2.7,3.6,4.5,4.9,5.3,5.4,5.6,5.7,5.8,5.9,5.9,6.0,6.0,6.0,6.0,6.0,6.0,6.0,6.0,6.0,6.0,6.0,6.0,6.0,6.0,6.0,6.0,6.0,6.0,6.0,6.0,6.0,6.0,6.0,6.0,6.0,6.0
298,0.0,0.9,1.8,2.7,3.6,4.5,4.9,5.3,5.4,5.6,5.7,5.8,5.9,5.9,6.0,6.0,6.0,6.0,6.0,6.0,6.0,6.0,6.0,6.0,6.0,6.0,6.0,6.0,6.0,6.0,6.0,6.0,6.0,6.0,6.0,6.0,6.0,6.0,6.0,6.0
299,0.0,0.9,1.8,2.7,3.6,4.5,4.9,5.2,5.4,5.6,5.7,5.8,5.9,5.9,6.0,6.0,6.0,6.0,6.0,6.0,6.0,6.0,6.0,6.0,6.0,6.0,6.0,6.0,6.0,6.0,6.0,6.0,6.0,6.0,6.0,6.0,6.0,6.0,6.0,6.0
300,0.0,0.9,1.8,2.7,3.6,4.5,4.9,5.2,5.4,5.6,5.7,5.8,5.9,5.9,5.9,6.0,6.0,6.0,6.0,6.0,6.0,5.9,5.9,5.9,5.9,5.9,5.9,5.9,5.9,5.9,5.9,5.9,5.9,5.9,5.9,5.9,5.9,5.9,5.9,5.9
301,0.0,0.9,1.8,2.7,3.6,4.5,4.8,5.2,5.4,5.6,5.7,5.8,5.8,5.9,5.9,5.9,5.9,5.9,5.9,5.9,5.9,5.9,5.9,5.9,5.9,5.9,5.9,5.9,5.9,5.9,5.9,5.9,5.9,5.9,5.9,5.9,5.9,5.9,5.9,5.9
302,0.0,0.9,1.8,2.7,3.6,4.5,4.8,5.2,5.4,5.6,5.7,5.8,5.8,5.9,5.9,5.9,5.9,5.9,5.9,5.9,5.9,5.9,5.9,5.9,5.9,5.9,5.9,5.9,5.9,5.9,5.9,5.9,5.9,5.9,5.9,5.9,5.9,5.9,5.9,5.9
303,0.0,0.9,1.8,2.7,3.5,4.4,4.8,5.2,5.3,5.5,5.6,5.7,5.8,5.8,5.9,5.9,5.9,5.9,5.9,5.9,5.9,5.9,5.9,5.9,5.9,5.9,5.9,5.9,5.9,5.9,5.9,5.9,5.9,5.9,5.9,5.9,5.9,5.9,5.9,5.9
304,0.0,0.9,1.8,2.6,3.5,4.4,4.8,5.1,5.3,5.5,5.6,5.7,5.8,5.8,5.9,5.9,5.9,5.9,5.9,5.9,5.9,5.9,5.9,5.9,5.9,5.9,5.9,5.9,5.9,5.9,5.9,5.9,5.9,5.9,5.9,5.9,5.9,5.9,5.9,5.9
305,0.0,0.9,1.7,2.6,3.5,4.4,4.7,5.1,5.3,5.5,5.6,5.7,5.8,5.8,5.8,5.9,5.9,5.9,5.9,5.9,5.9,5.9,5.9,5.9,5.9,5.9,5.9,5.9,5.9,5.9,5.9,5.9,5.9,5.9,5.9,5.9,5.9,5.9,5.9,5.9
306,0.0,0.9,1.7,2.6,3.5,4.3,4.7,5.1,5.3,5.5,5.6,5.7,5.7,5.8,5.8,5.8,5.9,5.9,5.9,5.9,5.9,5.9,5.9,5.9,5.9,5.9,5.9,5.9,5.9,5.9,5.9,5.9,5.9,5.9,5.9,5.9,5.9,5.9,5.9,5.9
307,0.0,0.9,1.7,2.6,3.5,4.3,4.7,5.1,5.3,5.5,5.6,5.7,5.7,5.8,5.8,5.8,5.8,5.8,5.9,5.9,5.9,5.9,5.9,5.9,5.9,5.9,5.9,5.9,5.9,5.9,5.9,5.9,5.9,5.9,5.9,5.9,5.9,5.9,5.9,5.9
308,0.0,0.9,1.7,2.6,3.4,4.3,4.7,5.1,5.3,5.5,5.6,5.7,5.7,5.8,5.8,5.8,5.8,5.8,5.8,5.8,5.8,5.8,5.8,5.8,5.8,5.8,5.8,5.8,5.8,5.8,5.8,5.8,5.8,5.8,5.8,5.8,5.8,5.8,5.8,5.8
309,0.0,0.8,1.7,2.5,3.4,4.2,4.6,5.0,5.2,5.4,5.5,5.6,5.7,5.7,5.7,5.8,5.8,5.8,5.8,5.8,5.8,5.8,5.8,5.8,5.8,5.8,5.8,5.8,5.8,5.8,5.8,5.8,5.8,5.8,5.8,5.8,5.8,5.8,5.8,5.8
310,0.0,0.8,1.7,2.5,3.3,4.2,4.6,4.9,5.2,5.4,5.5,5.6,5.6,5.7,5.7,5.7,5.7,5.7,5.8,5.8,5.8,5.8,5.8,5.8,5.8,5.8,5.8,5.8,5.8,5.8,5.8,5.8,5.8,5.8,5.8,5.8,5.8,5.8,5.8,5.8
311,0.0,0.8,1.6,2.5,3.3,4.1,4.5,4.9,5.1,5.3,5.4,5.5,5.6,5.6,5.7,5.7,5.7,5.7,5.7,5.7,5.7,5.7,5.7,5.7,5.7,5.7,5.7,5.7,5.7,5.7,5.7,5.7,5.7,5.7,5.7,5.7,5.7,5.7,5.7,5.7
312,0.0,0.8,1.6,2.4,3.2,4.1,4.4,4.8,5.0,5.3,5.4,5.5,5.5,5.6,5.6,5.6,5.6,5.7,5.7,5.7,5.7,5.7,5.7,5.7,5.7,5.7,5.7,5.7,5.7,5.7,5.7,5.7,5.7,5.7,5.7,5.7,5.7,5.7,5.7,5.7
313,0.0,0.8,1.6,2.4,3.2,4.0,4.4,4.8,5.0,5.2,5.3,5.5,5.5,5.5,5.6,5.6,5.6,5.6,5.6,5.6,5.6,5.6,5.6,5.6,5.6,5.6,5.6,5.6,5.6,5.6,5.6,5.6,5.6,5.6,5.6,5.6,5.6,5.6,5.6,5.6
314,0.0,0.8,1.6,2.4,3.1,3.9,4.3,4.7,4.9,5.2,5.3,5.4,5.5,5.5,5.5,5.6,5.6,5.6,5.6,5.6,5.6,5.6,5.6,5.6,5.6,5.6,5.6,5.6,5.6,5.6,5.6,5.6,5.6,5.6,5.6,5.6,5.6,5.6,5.6,5.6
315,0.0,0.8,1.5,2.3,3.1,3.9,4.3,4.7,4.9,5.1,5.3,5.4,5.4,5.5,5.5,5.5,5.5,5.5,5.5,5.5,5.5,5.5,5.5,5.5,5.5,5.5,5.5,5.5,5.5,5.5,5.5,5.5,5.5,5.5,5.5,5.5,5.5,5.5,5.5,5.5
316,0.0,0.8,1.5,2.3,3.0,3.8,4.2,4.6,4.8,5.1,5.2,5.3,5.4,5.4,5.4,5.5,5.5,5.5,5.5,5.5,5.5,5.5,5.5,5.5,5.5,5.5,5.5,5.5,5.5,5.5,5.5,5.5,5.5,5.5,5.5,5.5,5.5,5.5,5.5,5.5
317,0.0,0.7,1.5,2.2,3.0,3.7,4.1,4.5,4.8,5.0,5.2,5.3,5.3,5.4,5.4,5.4,5.4,5.4,5.5,5.5,5.5,5.5,5.5,5.5,5.5,5.5,5.5,5.5,5.5,5.5,5.5,5.5,5.5,5.5,5.5,5.5,5.5,5.5,5.5,5.5
318,0.0,0.7,1.4,2.2,2.9,3.6,4.0,4.4,4.7,5.0,5.1,5.2,5.3,5.3,5.4,5.4,5.4,5.4,5.4,5.4,5.4,5.4,5.4,5.4,5.4,5.4,5.4,5.4,5.4,5.4,5.4,5.4,5.4,5.4,5.4,5.4,5.4,5.4,5.4,5.4
319,0.0,0.7,1.4,2.1,2.8,3.5,3.9,4.3,4.6,5.0,5.1,5.2,5.2,5.3,5.3,5.3,5.3,5.4,5.4,5.4,5.4,5.4,5.4,5.4,5.4,5.4,5.4,5.4,5.4,5.4,5.4,5.4,5.4,5.4,5.4,5.4,5.4,5.4,5.4,5.4
320,0.0,0.7,1.4,2.1,2.8,3.4,3.8,4.2,4.5,4.8,5.0,5.2,5.2,5.2,5.3,5.3,5.3,5.3,5.3,5.3,5.3,5.3,5.3,5.3,5.3,5.3,5.3,5.3,5.3,5.3,5.3,5.3,5.3,5.3,5.3,5.3,5.3,5.3,5.3,5.3
321,0.0,0.7,1.3,2.0,2.7,3.4,3.7,4.1,4.4,4.7,4.9,5.0,5.1,5.1,5.1,5.2,5.2,5.2,5.2,5.2,5.2,5.2,5.2,5.2,5.2,5.2,5.2,5.2,5.2,5.2,5.2,5.2,5.2,5.2,5.2,5.2,5.2,5.2,5.2,5.2
322,0.0,0.7,1.3,2.0,2.6,3.3,3.6,4.0,4.3,4.6,4.7,4.9,4.9,5.0,5.0,5.0,5.0,5.0,5.0,5.1,5.1,5.1,5.1,5.1,5.1,5.1,5.1,5.1,5.1,5.1,5.1,5.1,5.1,5.1,5.1,5.1,5.1,5.1,5.1,5.1
323,0.0,0.6,1.3,1.9,2.5,3.2,3.5,3.9,4.2,4.5,4.6,4.8,4.8,4.8,4.9,4.9,4.9,4.9,4.9,4.9,4.9,4.9,4.9,4.9,4.9,4.9,4.9,4.9,4.9,4.9,4.9,4.9,4.9,4.9,4.9,4.9,4.9,4.9,4.9,4.9
324,0.0,0.6,1.2,1.9,2.5,3.1,3.4,3.8,4.1,4.3,4.5,4.6,4.7,4.7,4.7,4.7,4.8,4.8,4.8,4.8,4.8,4.8,4.8,4.8,4.8,4.8,4.8,4.8,4.8,4.8,4.8,4.8,4.8,4.8,4.8,4.8,4.8,4.8,4.8,4.8
325,0.0,0.6,1.2,1.8,2.4,3.0,3.3,3.7,3.9,4.2,4.3,4.5,4.5,4.6,4.6,4.6,4.6,4.6,4.6,4.6,4.6,4.6,4.6,4.6,4.6,4.6,4.6,4.6,4.6,4.6,4.6,4.6,4.6,4.6,4.6,4.6,4.6,4.6,4.6,4.6
326,0.0,0.6,1.2,1.7,2.3,2.9,3.2,3.6,3.8,4.1,4.2,4.4,4.4,4.4,4.5,4.5,4.5,4.5,4.5,4.5,4.5,4.5,4.5,4.5,4.5,4.5,4.5,4.5,4.5,4.5,4.5,4.5,4.5,4.5,4.5,4.5,4.5,4.5,4.5,4.5
327,0.0,0.6,1.1,1.7,2.3,2.8,3.1,3.5,3.7,4.0,4.1,4.2,4.3,4.3,4.3,4.3,4.3,4.4,4.4,4.4,4.4,4.4,4.4,4.4,4.4,4.4,4.4,4.4,4.4,4.4,4.4,4.4,4.4,4.4,4.4,4.4,4.4,4.4,4.4,4.4
328,0.0,0.5,1.1,1.6,2.2,2.7,3.0,3.4,3.6,3.8,4.0,4.1,4.1,4.2,4.2,4.2,4.2,4.2,4.2,4.2,4.2,4.2,4.2,4.2,4.2,4.2,4.2,4.2,4.2,4.2,4.2,4.2,4.2,4.2,4.2,4.2,4.2,4.2,4.2,4.2
329,0.0,0.5,1.1,1.6,2.1,2.7,2.9,3.2,3.5,3.7,3.8,4.0,4.0,4.0,4.1,4.1,4.1,4.1,4.1,4.1,4.1,4.1,4.1,4.1,4.1,4.1,4.1,4.1,4.1,4.1,4.1,4.1,4.1,4.1,4.1,4.1,4.1,4.1,4.1,4.1
330,0.0,0.5,1.0,1.5,2.1,2.6,2.8,3.1,3.4,3.6,3.7,3.8,3.9,3.9,3.9,3.9,3.9,3.9,4.0,4.0,4.0,4.0,4.0,4.0,4.0,4.0,4.0,4.0,4.0,4.0,4.0,4.0,4.0,4.0,4.0,4.0,4.0,4.0,4.0,4.0
331,0.0,0.5,1.0,1.5,2.0,2.5,2.8,3.0,3.2,3.5,3.6,3.7,3.7,3.8,3.8,3.8,3.8,3.8,3.8,3.8,3.8,3.8,3.8,3.8,3.8,3.8,3.8,3.8,3.8,3.8,3.8,3.8,3.8,3.8,3.8,3.8,3.8,3.8,3.8,3.8
332,0.0,0.5,1.0,1.4,1.9,2.4,2.7,2.9,3.1,3.3,3.5,3.6,3.6,3.6,3.6,3.7,3.7,3.7,3.7,3.7,3.7,3.7,3.7,3.7,3.7,3.7,3.7,3.7,3.7,3.7,3.7,3.7,3.7,3.7,3.7,3.7,3.7,3.7,3.7,3.7
333,0.0,0.5,0.9,1.4,1.8,2.3,2.6,2.8,3.0,3.2,3.3,3.4,3.5,3.5,3.5,3.5,3.5,3.5,3.5,3.6,3.6,3.6,3.6,3.6,3.6,3.6,3.6,3.6,3.6,3.6,3.6,3.6,3.6,3.6,3.6,3.6,3.6,3.6,3.6,3.6
334,0.0,0.4,0.9,1.3,1.8,2.2,2.5,2.7,2.9,3.1,3.2,3.3,3.3,3.4,3.4,3.4,3.4,3.4,3.4,3.4,3.4,3.4,3.4,3.4,3.4,3.4,3.4,3.4,3.4,3.4,3.4,3.4,3.4,3.4,3.4,3.4,3.4,3.4,3.4,3.4
335,0.0,0.4,0.8,1.3,1.7,2.1,2.4,2.6,2.8,3.0,3.1,3.2,3.2,3.2,3.2,3.3,3.3,3.3,3.3,3.3,3.3,3.3,3.3,3.3,3.3,3.3,3.3,3.3,3.3,3.3,3.3,3.3,3.3,3.3,3.3,3.3,3.3,3.3,3.3,3.3
336,0.0,0.4,0.8,1.2,1.6,2.0,2.3,2.5,2.7,2.8,2.9,3.0,3.1,3.1,3.1,3.1,3.1,3.1,3.1,3.1,3.1,3.1,3.1,3.1,3.1,3.1,3.1,3.1,3.1,3.1,3.1,3.1,3.1,3.1,3.1,3.1,3.1,3.1,3.1,3.1
337,0.0,0.4,0.8,1.2,1.6,1.9,2.2,2.4,2.6,2.7,2.8,2.9,2.9,3.0,3.0,3.0,3.0,3.0,3.0,3.0,3.0,3.0,3.0,3.0,3.0,3.0,3.0,3.0,3.0,3.0,3.0,3.0,3.0,3.0,3.0,3.0,3.0,3.0,3.0,3.0
338,0.0,0.4,0.7,1.1,1.5,1.9,2.1,2.3,2.4,2.6,2.7,2.8,2.8,2.8,2.8,2.8,2.9,2.9,2.9,2.9,2.9,2.9,2.9,2.9,2.9,2.9,2.9,2.9,2.9,2.9,2.9,2.9,2.9,2.9,2.9,2.9,2.9,2.9,2.9,2.9
339,0.0,0.4,0.7,1.1,1.4,1.8,2.0,2.2,2.3,2.5,2.6,2.6,2.7,2.7,2.7,2.7,2.7,2.7,2.7,2.7,2.7,2.7,2.7,2.7,2.7,2.7,2.7,2.7,2.7,2.7,2.7,2.7,2.7,2.7,2.7,2.7,2.7,2.7,2.7,2.7
340,0.0,0.3,0.7,1.0,1.3,1.7,1.9,2.1,2.2,2.4,2.4,2.5,2.5,2.6,2.6,2.6,2.6,2.6,2.6,2.6,2.6,2.6,2.6,2.6,2.6,2.6,2.6,2.6,2.6,2.6,2.6,2.6,2.6,2.6,2.6,2.6,2.6,2.6,2.6,2.6
341,0.0,0.3,0.6,1.0,1.3,1.6,1.8,1.9,2.1,2.2,2.3,2.4,2.4,2.4,2.4,2.4,2.4,2.5,2.5,2.5,2.5,2.5,2.5,2.5,2.5,2.5,2.5,2.5,2.5,2.5,2.5,2.5,2.5,2.5,2.5,2.5,2.5,2.5,2.5,2.5
342,0.0,0.3,0.6,0.9,1.2,1.5,1.7,1.8,2.0,2.1,2.2,2.2,2.3,2.3,2.3,2.3,2.3,2.3,2.3,2.3,2.3,2.3,2.3,2.3,2.3,2.3,2.3,2.3,2.3,2.3,2.3,2.3,2.3,2.3,2.3,2.3,2.3,2.3,2.3,2.3
343,0.0,0.3,0.6,0.8,1.1,1.4,1.6,1.7,1.9,2.0,2.0,2.1,2.1,2.1,2.2,2.2,2.2,2.2,2.2,2.2,2.2,2.2,2.2,2.2,2.2,2.2,2.2,2.2,2.2,2.2,2.2,2.2,2.2,2.2,2.2,2.2,2.2,2.2,2.2,2.2
344,0.0,0.3,0.5,0.8,1.1,1.3,1.5,1.6,1.7,1.9,1.9,2.0,2.0,2.0,2.0,2.0,2.0,2.0,2.0,2.1,2.1,2.1,2.1,2.1,2.1,2.1,2.1,2.1,2.1,2.1,2.1,2.1,2.1,2.1,2.1,2.1,2.1,2.1,2.1,2.1
345,0.0,0.2,0.5,0.7,1.0,1.2,1.4,1.5,1.6,1.7,1.8,1.8,1.9,1.9,1.9,1.9,1.9,1.9,1.9,1.9,1.9,1.9,1.9,1.9,1.9,1.9,1.9,1.9,1.9,1.9,1.9,1.9,1.9,1.9,1.9,1.9,1.9,1.9,1.9,1.9
346,0.0,0.2,0.5,0.7,0.9,1.1,1.3,1.4,1.5,1.6,1.7,1.7,1.7,1.7,1.8,1.8,1.8,1.8,1.8,1.8,1.8,1.8,1.8,1.8,1.8,1.8,1.8,1.8,1.8,1.8,1.8,1.8,1.8,1.8,1.8,1.8,1.8,1.8,1.8,1.8
347,0.0,0.2,0.4,0.6,0.8,1.1,1.2,1.3,1.4,1.5,1.5,1.6,1.6,1.6,1.6,1.6,1.6,1.6,1.6,1.6,1.6,1.6,1.6,1.6,1.6,1.6,1.6,1.6,1.6,1.6,1.6,1.6,1.6,1.6,1.6,1.6,1.6,1.6,1.6,1.6
348,0.0,0.2,0.4,0.6,0.8,1.0,1.1,1.2,1.3,1.4,1.4,1.5,1.5,1.5,1.5,1.5,1.5,1.5,1.5,1.5,1.5,1.5,1.5,1.5,1.5,1.5,1.5,1.5,1.5,1.5,1.5,1.5,1.5,1.5,1.5,1.5,1.5,1.5,1.5,1.5
349,0.0,0.2,0.4,0.5,0.7,0.9,1.0,1.1,1.2,1.2,1.3,1.3,1.3,1.3,1.4,1.4,1.4,1.4,1.4,1.4,1.4,1.4,1.4,1.4,1.4,1.4,1.4,1.4,1.4,1.4,1.4,1.4,1.4,1.4,1.4,1.4,1.4,1.4,1.4,1.4
350,0.0,0.2,0.3,0.5,0.6,0.8,0.9,1.0,1.0,1.1,1.2,1.2,1.2,1.2,1.2,1.2,1.2,1.2,1.2,1.2,1.2,1.2,1.2,1.2,1.2,1.2,1.2,1.2,1.2,1.2,1.2,1.2,1.2,1.2,1.2,1.2,1.2,1.2,1.2,1.2
351,0.0,0.1,0.3,0.4,0.6,0.7,0.8,0.9,0.9,1.0,1.0,1.1,1.1,1.1,1.1,1.1,1.1,1.1,1.1,1.1,1.1,1.1,1.1,1.1,1.1,1.1,1.1,1.1,1.1,1.1,1.1,1.1,1.1,1.1,1.1,1.1,1.1,1.1,1.1,1.1
352,0.0,0.1,0.2,0.4,0.5,0.6,0.7,0.8,0.8,0.9,0.9,0.9,0.9,0.9,0.9,0.9,1.0,1.0,1.0,1.0,1.0,1.0,1.0,1.0,1.0,1.0,1.0,1.0,1.0,1.0,1.0,1.0,1.0,1.0,1.0,1.0,1.0,1.0,1.0,1.0
353,0.0,0.1,0.2,0.3,0.4,0.5,0.6,0.6,0.7,0.7,0.8,0.8,0.8,0.8,0.8,0.8,0.8,0.8,0.8,0.8,0.8,0.8,0.8,0.8,0.8,0.8,0.8,0.8,0.8,0.8,0.8,0.8,0.8,0.8,0.8,0.8,0.8,0.8,0.8,0.8
354,0.0,0.1,0.2,0.3,0.4,0.4,0.5,0.5,0.6,0.6,0.6,0.7,0.7,0.7,0.7,0.7,0.7,0.7,0.7,0.7,0.7,0.7,0.7,0.7,0.7,0.7,0.7,0.7,0.7,0.7,0.7,0.7,0.7,0.7,0.7,0.7,0.7,0.7,0.7,0.7
355,0.0,0.1,0.1,0.2,0.3,0.4,0.4,0.4,0.5,0.5,0.5,0.5,0.5,0.5,0.5,0.5,0.5,0.5,0.5,0.5,0.5,0.5,0.5,0.5,0.5,0.5,0.5,0.5,0.5,0.5,0.5,0.5,0.5,0.5,0.5,0.5,0.5,0.5,0.5,0.5
356,0.0,0.1,0.1,0.2,0.2,0.3,0.3,0.3,0.3,0.4,0.4,0.4,0.4,0.4,0.4,0.4,0.4,0.4,0.4,0.4,0.4,0.4,0.4,0.4,0.4,0.4,0.4,0.4,0.4,0.4,0.4,0.4,0.4,0.4,0.4,0.4,0.4,0.4,0.4,0.4
357,0.0,0.0,0.1,0.1,0.1,0.2,0.2,0.2,0.2,0.2,0.3,0.3,0.3,0.3,0.3,0.3,0.3,0.3,0.3,0.3,0.3,0.3,0.3,0.3,0.3,0.3,0.3,0.3,0.3,0.3,0.3,0.3,0.3,0.3,0.3,0.3,0.3,0.3,0.3,0.3
358,0.0,0.0,0.0,0.1,0.1,0.1,0.1,0.1,0.1,0.1,0.1,0.1,0.1,0.1,0.1,0.1,0.1,0.1,0.1,0.1,0.1,0.1,0.1,0.1,0.1,0.1,0.1,0.1,0.1,0.1,0.1,0.1,0.1,0.1,0.1,0.1,0.1,0.1,0.1,0.1
359,0.0,0.0,0.0,0.0,0.0,0.0,0.0,0.0,0.0,0.0,0.0,0.0,0.0,0.0,0.0,0.0,0.0,0.0,0.0,0.0,0.0,0.0,0.0,0.0,0.0,0.0,0.0,0.0,0.0,0.0,0.0,0.0,0.0,0.0,0.0,0.0,0.0,0.0,0.0,0.0